
# Channel          : xs100000.tot   
# Frms limit       : 1.000E+30
# Chi2 limit       : 1.000E+30
# Fracmax          : 3.000E-02
# xs (mb) limit    : 1.000E-01

# Data set         :   1   xs100000.tot   
# Author           : Blaser              
# Year             : 1951
# EXFOR subentry   : B0048007 
# Weight           :      0.00000
# Quality          :   
# energy     TALYS      exp       dexp  rel. unc. %   Chi2      C/E   include
 3.310E+00 0.000E+00 6.900E-01 2.070E-02 3.000E+00 1.111E+03 5.541E+34     
 3.840E+00 0.000E+00 3.100E+00 9.300E-02 3.000E+00 1.111E+03 5.541E+34     
 4.080E+00 0.000E+00 5.300E+00 1.590E-01 3.000E+00 1.111E+03 5.541E+34     
 4.270E+00 0.000E+00 8.200E+00 2.460E-01 3.000E+00 1.111E+03 5.541E+34     
 4.380E+00 0.000E+00 1.000E+01 3.000E-01 3.000E+00 1.111E+03 5.541E+34     
 4.480E+00 0.000E+00 1.200E+01 3.600E-01 3.000E+00 1.111E+03 5.541E+34     
 4.590E+00 0.000E+00 1.500E+01 4.500E-01 3.000E+00 1.111E+03 5.541E+34     
 4.690E+00 0.000E+00 1.800E+01 5.400E-01 3.000E+00 1.111E+03 5.541E+34     
 4.790E+00 0.000E+00 2.000E+01 6.000E-01 3.000E+00 1.111E+03 5.541E+34     
 5.010E+00 0.000E+00 2.700E+01 8.100E-01 3.000E+00 1.111E+03 5.541E+34     
 5.180E+00 0.000E+00 3.400E+01 1.020E+00 3.000E+00 1.111E+03 5.541E+34     
 5.360E+00 0.000E+00 4.200E+01 1.260E+00 3.000E+00 1.111E+03 5.541E+34     
 5.540E+00 0.000E+00 5.100E+01 1.530E+00 3.000E+00 1.111E+03 5.541E+34     
 5.720E+00 0.000E+00 6.100E+01 1.830E+00 3.000E+00 1.111E+03 5.541E+34     
 5.900E+00 0.000E+00 7.200E+01 2.160E+00 3.000E+00 1.111E+03 5.541E+34     
 6.080E+00 0.000E+00 8.600E+01 2.580E+00 3.000E+00 1.111E+03 5.541E+34     
 6.240E+00 0.000E+00 1.000E+02 3.000E+00 3.000E+00 1.111E+03 5.541E+34     
 6.400E+00 0.000E+00 1.200E+02 3.600E+00 3.000E+00 1.111E+03 5.541E+34     

# Data set         :   2   xs100000.tot   
# Author           : Colle               
# Year             : 1974
# EXFOR subentry   : B0057004 
# Weight           :      1.00000
# Quality          :   
# energy     TALYS      exp       dexp  rel. unc. %   Chi2      C/E   include
 2.510E+00 0.000E+00 1.900E-02 2.000E-03 1.053E+01 9.025E+01 5.541E+34     
 3.120E+00 0.000E+00 5.200E-01 4.000E-02 7.692E+00 1.690E+02 5.541E+34     
 3.650E+00 0.000E+00 1.820E+00 1.300E-01 7.143E+00 1.960E+02 5.541E+34     
 3.840E+00 0.000E+00 2.520E+00 1.700E-01 6.746E+00 2.197E+02 5.541E+34     
 4.160E+00 0.000E+00 5.160E+00 3.500E-01 6.783E+00 2.174E+02 5.541E+34     
 4.940E+00 0.000E+00 2.440E+01 1.600E+00 6.557E+00 2.326E+02 5.541E+34     
 6.060E+00 0.000E+00 1.010E+02 7.000E+00 6.931E+00 2.082E+02 5.541E+34     
 7.200E+00 0.000E+00 2.160E+02 1.500E+01 6.944E+00 2.074E+02 5.541E+34     
 8.170E+00 0.000E+00 3.310E+02 2.000E+01 6.042E+00 2.739E+02 5.541E+34     
 9.180E+00 0.000E+00 5.210E+02 3.600E+01 6.910E+00 2.094E+02 5.541E+34     
 9.350E+00 0.000E+00 4.950E+02 4.700E+01 9.495E+00 1.109E+02 5.541E+34     
 1.030E+01 0.000E+00 6.060E+02 4.100E+01 6.766E+00 2.185E+02 5.541E+34     
 1.031E+01 0.000E+00 6.440E+02 5.500E+01 8.540E+00 1.371E+02 5.541E+34     
 1.133E+01 0.000E+00 6.640E+02 4.600E+01 6.928E+00 2.084E+02 5.541E+34     
 1.134E+01 0.000E+00 6.800E+02 4.700E+01 6.912E+00 2.093E+02 5.541E+34     
 1.229E+01 0.000E+00 5.480E+02 3.700E+01 6.752E+00 2.194E+02 5.541E+34     
 1.243E+01 0.000E+00 4.960E+02 3.300E+01 6.653E+00 2.259E+02 5.541E+34     
 1.258E+01 0.000E+00 4.910E+02 3.400E+01 6.925E+00 2.085E+02 5.541E+34     
 1.262E+01 0.000E+00 5.180E+02 3.500E+01 6.757E+00 2.190E+02 5.541E+34     
 1.295E+01 0.000E+00 4.600E+02 3.100E+01 6.739E+00 2.202E+02 5.541E+34     
 1.299E+01 0.000E+00 4.490E+02 3.100E+01 6.904E+00 2.098E+02 5.541E+34     
 1.327E+01 0.000E+00 3.860E+02 2.600E+01 6.736E+00 2.204E+02 5.541E+34     
 1.327E+01 0.000E+00 4.020E+02 2.800E+01 6.965E+00 2.061E+02 5.541E+34     
 1.344E+01 0.000E+00 3.690E+02 3.600E+01 9.756E+00 1.051E+02 5.541E+34     
 1.344E+01 0.000E+00 3.730E+02 2.500E+01 6.702E+00 2.226E+02 5.541E+34     
 1.346E+01 0.000E+00 3.900E+02 2.600E+01 6.667E+00 2.250E+02 5.541E+34     
 1.358E+01 0.000E+00 3.700E+02 2.500E+01 6.757E+00 2.190E+02 5.541E+34     
 1.399E+01 0.000E+00 3.140E+02 2.100E+01 6.688E+00 2.236E+02 5.541E+34     
 1.439E+01 0.000E+00 2.670E+02 1.800E+01 6.742E+00 2.200E+02 5.541E+34     
 1.559E+01 0.000E+00 1.540E+02 1.100E+01 7.143E+00 1.960E+02 5.541E+34     
 1.595E+01 0.000E+00 1.440E+02 1.000E+01 6.944E+00 2.074E+02 5.541E+34     
 1.619E+01 0.000E+00 1.320E+02 9.000E+00 6.818E+00 2.151E+02 5.541E+34     
 1.645E+01 0.000E+00 1.100E+02 7.000E+00 6.364E+00 2.469E+02 5.541E+34     
 1.669E+01 0.000E+00 1.040E+02 7.000E+00 6.731E+00 2.207E+02 5.541E+34     
 1.692E+01 0.000E+00 9.640E+01 6.500E+00 6.743E+00 2.200E+02 5.541E+34     
 1.871E+01 0.000E+00 5.480E+01 3.800E+00 6.934E+00 2.080E+02 5.541E+34     
 1.904E+01 0.000E+00 5.110E+01 3.700E+00 7.241E+00 1.907E+02 5.541E+34     
 1.927E+01 0.000E+00 4.850E+01 3.300E+00 6.804E+00 2.160E+02 5.541E+34     
 1.950E+01 0.000E+00 4.600E+01 3.200E+00 6.957E+00 2.066E+02 5.541E+34     
 1.973E+01 0.000E+00 4.730E+01 3.200E+00 6.765E+00 2.185E+02 5.541E+34     
 1.996E+01 0.000E+00 5.090E+01 3.500E+00 6.876E+00 2.115E+02 5.541E+34     

# Data set         :   3   xs100000.tot   
# Author           : Hershberger         
# Year             : 1980
# EXFOR subentry   : C0529002 
# Weight           :      1.00000
# Quality          :   
# energy     TALYS      exp       dexp  rel. unc. %   Chi2      C/E   include
 2.959E+00 0.000E+00 1.200E-01 4.056E-03 3.380E+00 8.753E+02 5.541E+34     
 2.996E+00 0.000E+00 1.400E-01 4.270E-03 3.050E+00 1.075E+03 5.541E+34     
 3.034E+00 0.000E+00 1.700E-01 5.100E-03 3.000E+00 1.111E+03 5.541E+34     
 3.072E+00 0.000E+00 2.000E-01 6.000E-03 3.000E+00 1.111E+03 5.541E+34     
 3.110E+00 0.000E+00 2.400E-01 7.200E-03 3.000E+00 1.111E+03 5.541E+34     
 3.148E+00 0.000E+00 2.600E-01 7.800E-03 3.000E+00 1.111E+03 5.541E+34     
 3.187E+00 0.000E+00 3.200E-01 9.600E-03 3.000E+00 1.111E+03 5.541E+34     
 3.226E+00 0.000E+00 3.700E-01 1.110E-02 3.000E+00 1.111E+03 5.541E+34     
 3.265E+00 0.000E+00 4.300E-01 1.290E-02 3.000E+00 1.111E+03 5.541E+34     
 3.304E+00 0.000E+00 4.800E-01 1.440E-02 3.000E+00 1.111E+03 5.541E+34     
 3.343E+00 0.000E+00 5.400E-01 1.620E-02 3.000E+00 1.111E+03 5.541E+34     
 3.383E+00 0.000E+00 6.100E-01 1.830E-02 3.000E+00 1.111E+03 5.541E+34     
 3.423E+00 0.000E+00 6.900E-01 2.070E-02 3.000E+00 1.111E+03 5.541E+34     
 3.463E+00 0.000E+00 8.100E-01 2.430E-02 3.000E+00 1.111E+03 5.541E+34     
 3.503E+00 0.000E+00 9.100E-01 2.730E-02 3.000E+00 1.111E+03 5.541E+34     
 3.544E+00 0.000E+00 1.010E+00 3.030E-02 3.000E+00 1.111E+03 5.541E+34     
 3.585E+00 0.000E+00 1.150E+00 3.450E-02 3.000E+00 1.111E+03 5.541E+34     
 3.626E+00 0.000E+00 1.310E+00 3.930E-02 3.000E+00 1.111E+03 5.541E+34     
 3.667E+00 0.000E+00 1.460E+00 4.380E-02 3.000E+00 1.111E+03 5.541E+34     
 3.708E+00 0.000E+00 1.620E+00 4.860E-02 3.000E+00 1.111E+03 5.541E+34     
 3.750E+00 0.000E+00 1.860E+00 5.580E-02 3.000E+00 1.111E+03 5.541E+34     
 3.792E+00 0.000E+00 2.020E+00 6.060E-02 3.000E+00 1.111E+03 5.541E+34     
 3.834E+00 0.000E+00 2.270E+00 6.810E-02 3.000E+00 1.111E+03 5.541E+34     
 3.877E+00 0.000E+00 2.550E+00 7.650E-02 3.000E+00 1.111E+03 5.541E+34     
 3.919E+00 0.000E+00 2.780E+00 8.340E-02 3.000E+00 1.111E+03 5.541E+34     
 3.962E+00 0.000E+00 3.190E+00 9.570E-02 3.000E+00 1.111E+03 5.541E+34     
 4.005E+00 0.000E+00 3.510E+00 1.053E-01 3.000E+00 1.111E+03 5.541E+34     
 4.049E+00 0.000E+00 3.860E+00 1.158E-01 3.000E+00 1.111E+03 5.541E+34     
 4.092E+00 0.000E+00 4.370E+00 1.311E-01 3.000E+00 1.111E+03 5.541E+34     
 4.136E+00 0.000E+00 4.690E+00 1.407E-01 3.000E+00 1.111E+03 5.541E+34     
 4.180E+00 0.000E+00 5.280E+00 1.584E-01 3.000E+00 1.111E+03 5.541E+34     
 4.224E+00 0.000E+00 5.700E+00 1.710E-01 3.000E+00 1.111E+03 5.541E+34     
 4.269E+00 0.000E+00 6.340E+00 1.902E-01 3.000E+00 1.111E+03 5.541E+34     
 4.314E+00 0.000E+00 6.820E+00 2.046E-01 3.000E+00 1.111E+03 5.541E+34     
 4.359E+00 0.000E+00 7.560E+00 2.268E-01 3.000E+00 1.111E+03 5.541E+34     
 4.404E+00 0.000E+00 8.130E+00 2.439E-01 3.000E+00 1.111E+03 5.541E+34     
 4.449E+00 0.000E+00 9.190E+00 2.757E-01 3.000E+00 1.111E+03 5.541E+34     
 4.495E+00 0.000E+00 9.830E+00 2.949E-01 3.000E+00 1.111E+03 5.541E+34     
 4.540E+00 0.000E+00 1.089E+01 3.267E-01 3.000E+00 1.111E+03 5.541E+34     
 4.587E+00 0.000E+00 1.170E+01 3.510E-01 3.000E+00 1.111E+03 5.541E+34     
 4.633E+00 0.000E+00 1.277E+01 3.831E-01 3.000E+00 1.111E+03 5.541E+34     
 4.679E+00 0.000E+00 1.403E+01 4.209E-01 3.000E+00 1.111E+03 5.541E+34     
 4.726E+00 0.000E+00 1.507E+01 4.521E-01 3.000E+00 1.111E+03 5.541E+34     
 4.773E+00 0.000E+00 1.624E+01 4.872E-01 3.000E+00 1.111E+03 5.541E+34     
 4.820E+00 0.000E+00 1.775E+01 5.325E-01 3.000E+00 1.111E+03 5.541E+34     
 4.868E+00 0.000E+00 1.940E+01 5.820E-01 3.000E+00 1.111E+03 5.541E+34     
 4.916E+00 0.000E+00 2.049E+01 6.147E-01 3.000E+00 1.111E+03 5.541E+34     
 4.963E+00 0.000E+00 2.235E+01 6.705E-01 3.000E+00 1.111E+03 5.541E+34     
 5.012E+00 0.000E+00 2.410E+01 7.230E-01 3.000E+00 1.111E+03 5.541E+34     
 5.060E+00 0.000E+00 2.568E+01 7.704E-01 3.000E+00 1.111E+03 5.541E+34     
 5.109E+00 0.000E+00 2.749E+01 8.247E-01 3.000E+00 1.111E+03 5.541E+34     
 5.157E+00 0.000E+00 2.941E+01 8.823E-01 3.000E+00 1.111E+03 5.541E+34     
 5.206E+00 0.000E+00 3.205E+01 9.615E-01 3.000E+00 1.111E+03 5.541E+34     
 5.256E+00 0.000E+00 3.418E+01 1.025E+00 3.000E+00 1.111E+03 5.541E+34     
 5.305E+00 0.000E+00 3.661E+01 1.098E+00 3.000E+00 1.111E+03 5.541E+34     
 5.355E+00 0.000E+00 3.885E+01 1.165E+00 3.000E+00 1.111E+03 5.541E+34     
 5.405E+00 0.000E+00 4.129E+01 1.239E+00 3.000E+00 1.111E+03 5.541E+34     
 5.455E+00 0.000E+00 4.416E+01 1.325E+00 3.000E+00 1.111E+03 5.541E+34     
 5.506E+00 0.000E+00 4.674E+01 1.402E+00 3.000E+00 1.111E+03 5.541E+34     
 5.556E+00 0.000E+00 4.958E+01 1.487E+00 3.000E+00 1.111E+03 5.541E+34     
 5.607E+00 0.000E+00 5.287E+01 1.586E+00 3.000E+00 1.111E+03 5.541E+34     
 5.658E+00 0.000E+00 5.602E+01 1.681E+00 3.000E+00 1.111E+03 5.541E+34     
 5.709E+00 0.000E+00 5.926E+01 1.778E+00 3.000E+00 1.111E+03 5.541E+34     
 5.761E+00 0.000E+00 6.274E+01 1.882E+00 3.000E+00 1.111E+03 5.541E+34     
 5.813E+00 0.000E+00 6.609E+01 1.983E+00 3.000E+00 1.111E+03 5.541E+34     
 5.865E+00 0.000E+00 7.041E+01 2.112E+00 3.000E+00 1.111E+03 5.541E+34     
 5.917E+00 0.000E+00 7.424E+01 2.227E+00 3.000E+00 1.111E+03 5.541E+34     
 5.970E+00 0.000E+00 7.848E+01 2.354E+00 3.000E+00 1.111E+03 5.541E+34     
 6.049E+00 0.000E+00 8.583E+01 2.575E+00 3.000E+00 1.111E+03 5.541E+34     
 6.107E+00 0.000E+00 9.644E+01 2.893E+00 3.000E+00 1.111E+03 5.541E+34     
 6.160E+00 0.000E+00 1.014E+02 3.041E+00 3.000E+00 1.111E+03 5.541E+34     
 6.203E+00 0.000E+00 1.000E+02 3.000E+00 3.000E+00 1.111E+03 5.541E+34     
 6.235E+00 0.000E+00 1.032E+02 3.095E+00 3.000E+00 1.111E+03 5.541E+34     
 6.311E+00 0.000E+00 1.125E+02 3.376E+00 3.000E+00 1.111E+03 5.541E+34     
 6.365E+00 0.000E+00 1.260E+02 3.780E+00 3.000E+00 1.111E+03 5.541E+34     
 6.419E+00 0.000E+00 1.586E+02 4.758E+00 3.000E+00 1.111E+03 5.541E+34     
 6.474E+00 0.000E+00 1.377E+02 4.131E+00 3.000E+00 1.111E+03 5.541E+34     
 6.529E+00 0.000E+00 1.426E+02 4.277E+00 3.000E+00 1.111E+03 5.541E+34     
 6.584E+00 0.000E+00 1.615E+02 4.844E+00 3.000E+00 1.111E+03 5.541E+34     
 6.639E+00 0.000E+00 1.676E+02 5.027E+00 3.000E+00 1.111E+03 5.541E+34     
 6.695E+00 0.000E+00 1.656E+02 4.969E+00 3.000E+00 1.111E+03 5.541E+34     
 6.750E+00 0.000E+00 1.767E+02 5.301E+00 3.000E+00 1.111E+03 5.541E+34     
 6.807E+00 0.000E+00 1.644E+02 4.931E+00 3.000E+00 1.111E+03 5.541E+34     
 6.874E+00 0.000E+00 1.675E+02 5.025E+00 3.000E+00 1.111E+03 5.541E+34     

# Data set         :   4   xs100000.tot   
# Author           : Wing                
# Year             : 1962
# EXFOR subentry   : T0124006 
# Weight           :      1.00000
# Quality          :   
# energy     TALYS      exp       dexp  rel. unc. %   Chi2      C/E   include
 3.200E+00 0.000E+00 4.989E-01 1.497E-02 3.000E+00 1.111E+03 5.541E+34     
 4.900E+00 0.000E+00 1.896E+01 5.688E-01 3.000E+00 1.111E+03 5.541E+34     
 5.000E+00 0.000E+00 2.395E+01 7.185E-01 3.000E+00 1.111E+03 5.541E+34     
 5.100E+00 0.000E+00 3.792E+01 5.987E+00 1.579E+01 4.011E+01 5.541E+34     
 6.000E+00 0.000E+00 9.779E+01 2.934E+00 3.000E+00 1.111E+03 5.541E+34     
 6.100E+00 0.000E+00 1.148E+02 3.443E+00 3.000E+00 1.111E+03 5.541E+34     
 6.400E+00 0.000E+00 1.327E+02 3.982E+00 3.000E+00 1.111E+03 5.541E+34     
 6.900E+00 0.000E+00 1.786E+02 5.359E+00 3.000E+00 1.111E+03 5.541E+34     
 7.100E+00 0.000E+00 2.086E+02 2.994E+01 1.435E+01 4.853E+01 5.541E+34     
 8.000E+00 0.000E+00 2.954E+02 8.861E+00 3.000E+00 1.111E+03 5.541E+34     
 8.100E+00 0.000E+00 3.233E+02 9.699E+00 3.000E+00 1.111E+03 5.541E+34     
 8.700E+00 0.000E+00 3.742E+02 1.123E+01 3.000E+00 1.111E+03 5.541E+34     
 8.900E+00 0.000E+00 4.171E+02 1.251E+01 3.000E+00 1.111E+03 5.541E+34     
 9.000E+00 0.000E+00 4.391E+02 1.317E+01 3.000E+00 1.111E+03 5.541E+34     
 9.000E+00 0.000E+00 4.201E+02 1.260E+01 3.000E+00 1.111E+03 5.541E+34     
 9.450E+00 0.000E+00 4.880E+02 1.464E+01 3.000E+00 1.111E+03 5.541E+34     
 9.850E+00 0.000E+00 5.199E+02 1.560E+01 3.000E+00 1.111E+03 5.541E+34     
 1.016E+01 0.000E+00 5.199E+02 6.586E+01 1.267E+01 6.231E+01 5.541E+34     
 1.033E+01 0.000E+00 5.608E+02 1.682E+01 3.000E+00 1.111E+03 5.541E+34     
 1.035E+01 0.000E+00 5.748E+02 1.724E+01 3.000E+00 1.111E+03 5.541E+34     
 1.043E+01 0.000E+00 5.887E+02 1.766E+01 3.000E+00 1.111E+03 5.541E+34     
 1.045E+01 0.000E+00 5.877E+02 1.763E+01 3.000E+00 1.111E+03 5.541E+34     
 1.050E+01 0.000E+00 5.798E+02 1.739E+01 3.000E+00 1.111E+03 5.541E+34     

# Channel          : xs100000.tot   
# Frms limit       : 1.000E+30
# Chi2 limit       : 1.000E+30
# Fracmax          : 3.000E-02
# xs (mb) limit    : 1.000E-01

# Data set         :   1   xs100000.tot   
# Author           : Blaser              
# Year             : 1951
# EXFOR subentry   : B0048007 
# Weight           :      0.00000
# Quality          :   
# energy     TALYS      exp       dexp  rel. unc. %   Chi2      C/E   include
 3.310E+00 0.000E+00 6.900E-01 2.070E-02 3.000E+00 1.111E+03 5.541E+34     
 3.840E+00 0.000E+00 3.100E+00 9.300E-02 3.000E+00 1.111E+03 5.541E+34     
 4.080E+00 0.000E+00 5.300E+00 1.590E-01 3.000E+00 1.111E+03 5.541E+34     
 4.270E+00 0.000E+00 8.200E+00 2.460E-01 3.000E+00 1.111E+03 5.541E+34     
 4.380E+00 0.000E+00 1.000E+01 3.000E-01 3.000E+00 1.111E+03 5.541E+34     
 4.480E+00 0.000E+00 1.200E+01 3.600E-01 3.000E+00 1.111E+03 5.541E+34     
 4.590E+00 0.000E+00 1.500E+01 4.500E-01 3.000E+00 1.111E+03 5.541E+34     
 4.690E+00 0.000E+00 1.800E+01 5.400E-01 3.000E+00 1.111E+03 5.541E+34     
 4.790E+00 0.000E+00 2.000E+01 6.000E-01 3.000E+00 1.111E+03 5.541E+34     
 5.010E+00 0.000E+00 2.700E+01 8.100E-01 3.000E+00 1.111E+03 5.541E+34     
 5.180E+00 0.000E+00 3.400E+01 1.020E+00 3.000E+00 1.111E+03 5.541E+34     
 5.360E+00 0.000E+00 4.200E+01 1.260E+00 3.000E+00 1.111E+03 5.541E+34     
 5.540E+00 0.000E+00 5.100E+01 1.530E+00 3.000E+00 1.111E+03 5.541E+34     
 5.720E+00 0.000E+00 6.100E+01 1.830E+00 3.000E+00 1.111E+03 5.541E+34     
 5.900E+00 0.000E+00 7.200E+01 2.160E+00 3.000E+00 1.111E+03 5.541E+34     
 6.080E+00 0.000E+00 8.600E+01 2.580E+00 3.000E+00 1.111E+03 5.541E+34     
 6.240E+00 0.000E+00 1.000E+02 3.000E+00 3.000E+00 1.111E+03 5.541E+34     
 6.400E+00 0.000E+00 1.200E+02 3.600E+00 3.000E+00 1.111E+03 5.541E+34     

# Data set         :   2   xs100000.tot   
# Author           : Colle               
# Year             : 1974
# EXFOR subentry   : B0057004 
# Weight           :      1.00000
# Quality          :   
# energy     TALYS      exp       dexp  rel. unc. %   Chi2      C/E   include
 2.510E+00 0.000E+00 1.900E-02 2.000E-03 1.053E+01 9.025E+01 5.541E+34     
 3.120E+00 0.000E+00 5.200E-01 4.000E-02 7.692E+00 1.690E+02 5.541E+34     
 3.650E+00 0.000E+00 1.820E+00 1.300E-01 7.143E+00 1.960E+02 5.541E+34     
 3.840E+00 0.000E+00 2.520E+00 1.700E-01 6.746E+00 2.197E+02 5.541E+34     
 4.160E+00 0.000E+00 5.160E+00 3.500E-01 6.783E+00 2.174E+02 5.541E+34     
 4.940E+00 0.000E+00 2.440E+01 1.600E+00 6.557E+00 2.326E+02 5.541E+34     
 6.060E+00 0.000E+00 1.010E+02 7.000E+00 6.931E+00 2.082E+02 5.541E+34     
 7.200E+00 0.000E+00 2.160E+02 1.500E+01 6.944E+00 2.074E+02 5.541E+34     
 8.170E+00 0.000E+00 3.310E+02 2.000E+01 6.042E+00 2.739E+02 5.541E+34     
 9.180E+00 0.000E+00 5.210E+02 3.600E+01 6.910E+00 2.094E+02 5.541E+34     
 9.350E+00 0.000E+00 4.950E+02 4.700E+01 9.495E+00 1.109E+02 5.541E+34     
 1.030E+01 0.000E+00 6.060E+02 4.100E+01 6.766E+00 2.185E+02 5.541E+34     
 1.031E+01 0.000E+00 6.440E+02 5.500E+01 8.540E+00 1.371E+02 5.541E+34     
 1.133E+01 0.000E+00 6.640E+02 4.600E+01 6.928E+00 2.084E+02 5.541E+34     
 1.134E+01 0.000E+00 6.800E+02 4.700E+01 6.912E+00 2.093E+02 5.541E+34     
 1.229E+01 0.000E+00 5.480E+02 3.700E+01 6.752E+00 2.194E+02 5.541E+34     
 1.243E+01 0.000E+00 4.960E+02 3.300E+01 6.653E+00 2.259E+02 5.541E+34     
 1.258E+01 0.000E+00 4.910E+02 3.400E+01 6.925E+00 2.085E+02 5.541E+34     
 1.262E+01 0.000E+00 5.180E+02 3.500E+01 6.757E+00 2.190E+02 5.541E+34     
 1.295E+01 0.000E+00 4.600E+02 3.100E+01 6.739E+00 2.202E+02 5.541E+34     
 1.299E+01 0.000E+00 4.490E+02 3.100E+01 6.904E+00 2.098E+02 5.541E+34     
 1.327E+01 0.000E+00 3.860E+02 2.600E+01 6.736E+00 2.204E+02 5.541E+34     
 1.327E+01 0.000E+00 4.020E+02 2.800E+01 6.965E+00 2.061E+02 5.541E+34     
 1.344E+01 0.000E+00 3.690E+02 3.600E+01 9.756E+00 1.051E+02 5.541E+34     
 1.344E+01 0.000E+00 3.730E+02 2.500E+01 6.702E+00 2.226E+02 5.541E+34     
 1.346E+01 0.000E+00 3.900E+02 2.600E+01 6.667E+00 2.250E+02 5.541E+34     
 1.358E+01 0.000E+00 3.700E+02 2.500E+01 6.757E+00 2.190E+02 5.541E+34     
 1.399E+01 0.000E+00 3.140E+02 2.100E+01 6.688E+00 2.236E+02 5.541E+34     
 1.439E+01 0.000E+00 2.670E+02 1.800E+01 6.742E+00 2.200E+02 5.541E+34     
 1.559E+01 0.000E+00 1.540E+02 1.100E+01 7.143E+00 1.960E+02 5.541E+34     
 1.595E+01 0.000E+00 1.440E+02 1.000E+01 6.944E+00 2.074E+02 5.541E+34     
 1.619E+01 0.000E+00 1.320E+02 9.000E+00 6.818E+00 2.151E+02 5.541E+34     
 1.645E+01 0.000E+00 1.100E+02 7.000E+00 6.364E+00 2.469E+02 5.541E+34     
 1.669E+01 0.000E+00 1.040E+02 7.000E+00 6.731E+00 2.207E+02 5.541E+34     
 1.692E+01 0.000E+00 9.640E+01 6.500E+00 6.743E+00 2.200E+02 5.541E+34     
 1.871E+01 0.000E+00 5.480E+01 3.800E+00 6.934E+00 2.080E+02 5.541E+34     
 1.904E+01 0.000E+00 5.110E+01 3.700E+00 7.241E+00 1.907E+02 5.541E+34     
 1.927E+01 0.000E+00 4.850E+01 3.300E+00 6.804E+00 2.160E+02 5.541E+34     
 1.950E+01 0.000E+00 4.600E+01 3.200E+00 6.957E+00 2.066E+02 5.541E+34     
 1.973E+01 0.000E+00 4.730E+01 3.200E+00 6.765E+00 2.185E+02 5.541E+34     
 1.996E+01 0.000E+00 5.090E+01 3.500E+00 6.876E+00 2.115E+02 5.541E+34     

# Data set         :   3   xs100000.tot   
# Author           : Hershberger         
# Year             : 1980
# EXFOR subentry   : C0529002 
# Weight           :      1.00000
# Quality          :   
# energy     TALYS      exp       dexp  rel. unc. %   Chi2      C/E   include
 2.959E+00 0.000E+00 1.200E-01 4.056E-03 3.380E+00 8.753E+02 5.541E+34     
 2.996E+00 0.000E+00 1.400E-01 4.270E-03 3.050E+00 1.075E+03 5.541E+34     
 3.034E+00 0.000E+00 1.700E-01 5.100E-03 3.000E+00 1.111E+03 5.541E+34     
 3.072E+00 0.000E+00 2.000E-01 6.000E-03 3.000E+00 1.111E+03 5.541E+34     
 3.110E+00 0.000E+00 2.400E-01 7.200E-03 3.000E+00 1.111E+03 5.541E+34     
 3.148E+00 0.000E+00 2.600E-01 7.800E-03 3.000E+00 1.111E+03 5.541E+34     
 3.187E+00 0.000E+00 3.200E-01 9.600E-03 3.000E+00 1.111E+03 5.541E+34     
 3.226E+00 0.000E+00 3.700E-01 1.110E-02 3.000E+00 1.111E+03 5.541E+34     
 3.265E+00 0.000E+00 4.300E-01 1.290E-02 3.000E+00 1.111E+03 5.541E+34     
 3.304E+00 0.000E+00 4.800E-01 1.440E-02 3.000E+00 1.111E+03 5.541E+34     
 3.343E+00 0.000E+00 5.400E-01 1.620E-02 3.000E+00 1.111E+03 5.541E+34     
 3.383E+00 0.000E+00 6.100E-01 1.830E-02 3.000E+00 1.111E+03 5.541E+34     
 3.423E+00 0.000E+00 6.900E-01 2.070E-02 3.000E+00 1.111E+03 5.541E+34     
 3.463E+00 0.000E+00 8.100E-01 2.430E-02 3.000E+00 1.111E+03 5.541E+34     
 3.503E+00 0.000E+00 9.100E-01 2.730E-02 3.000E+00 1.111E+03 5.541E+34     
 3.544E+00 0.000E+00 1.010E+00 3.030E-02 3.000E+00 1.111E+03 5.541E+34     
 3.585E+00 0.000E+00 1.150E+00 3.450E-02 3.000E+00 1.111E+03 5.541E+34     
 3.626E+00 0.000E+00 1.310E+00 3.930E-02 3.000E+00 1.111E+03 5.541E+34     
 3.667E+00 0.000E+00 1.460E+00 4.380E-02 3.000E+00 1.111E+03 5.541E+34     
 3.708E+00 0.000E+00 1.620E+00 4.860E-02 3.000E+00 1.111E+03 5.541E+34     
 3.750E+00 0.000E+00 1.860E+00 5.580E-02 3.000E+00 1.111E+03 5.541E+34     
 3.792E+00 0.000E+00 2.020E+00 6.060E-02 3.000E+00 1.111E+03 5.541E+34     
 3.834E+00 0.000E+00 2.270E+00 6.810E-02 3.000E+00 1.111E+03 5.541E+34     
 3.877E+00 0.000E+00 2.550E+00 7.650E-02 3.000E+00 1.111E+03 5.541E+34     
 3.919E+00 0.000E+00 2.780E+00 8.340E-02 3.000E+00 1.111E+03 5.541E+34     
 3.962E+00 0.000E+00 3.190E+00 9.570E-02 3.000E+00 1.111E+03 5.541E+34     
 4.005E+00 0.000E+00 3.510E+00 1.053E-01 3.000E+00 1.111E+03 5.541E+34     
 4.049E+00 0.000E+00 3.860E+00 1.158E-01 3.000E+00 1.111E+03 5.541E+34     
 4.092E+00 0.000E+00 4.370E+00 1.311E-01 3.000E+00 1.111E+03 5.541E+34     
 4.136E+00 0.000E+00 4.690E+00 1.407E-01 3.000E+00 1.111E+03 5.541E+34     
 4.180E+00 0.000E+00 5.280E+00 1.584E-01 3.000E+00 1.111E+03 5.541E+34     
 4.224E+00 0.000E+00 5.700E+00 1.710E-01 3.000E+00 1.111E+03 5.541E+34     
 4.269E+00 0.000E+00 6.340E+00 1.902E-01 3.000E+00 1.111E+03 5.541E+34     
 4.314E+00 0.000E+00 6.820E+00 2.046E-01 3.000E+00 1.111E+03 5.541E+34     
 4.359E+00 0.000E+00 7.560E+00 2.268E-01 3.000E+00 1.111E+03 5.541E+34     
 4.404E+00 0.000E+00 8.130E+00 2.439E-01 3.000E+00 1.111E+03 5.541E+34     
 4.449E+00 0.000E+00 9.190E+00 2.757E-01 3.000E+00 1.111E+03 5.541E+34     
 4.495E+00 0.000E+00 9.830E+00 2.949E-01 3.000E+00 1.111E+03 5.541E+34     
 4.540E+00 0.000E+00 1.089E+01 3.267E-01 3.000E+00 1.111E+03 5.541E+34     
 4.587E+00 0.000E+00 1.170E+01 3.510E-01 3.000E+00 1.111E+03 5.541E+34     
 4.633E+00 0.000E+00 1.277E+01 3.831E-01 3.000E+00 1.111E+03 5.541E+34     
 4.679E+00 0.000E+00 1.403E+01 4.209E-01 3.000E+00 1.111E+03 5.541E+34     
 4.726E+00 0.000E+00 1.507E+01 4.521E-01 3.000E+00 1.111E+03 5.541E+34     
 4.773E+00 0.000E+00 1.624E+01 4.872E-01 3.000E+00 1.111E+03 5.541E+34     
 4.820E+00 0.000E+00 1.775E+01 5.325E-01 3.000E+00 1.111E+03 5.541E+34     
 4.868E+00 0.000E+00 1.940E+01 5.820E-01 3.000E+00 1.111E+03 5.541E+34     
 4.916E+00 0.000E+00 2.049E+01 6.147E-01 3.000E+00 1.111E+03 5.541E+34     
 4.963E+00 0.000E+00 2.235E+01 6.705E-01 3.000E+00 1.111E+03 5.541E+34     
 5.012E+00 0.000E+00 2.410E+01 7.230E-01 3.000E+00 1.111E+03 5.541E+34     
 5.060E+00 0.000E+00 2.568E+01 7.704E-01 3.000E+00 1.111E+03 5.541E+34     
 5.109E+00 0.000E+00 2.749E+01 8.247E-01 3.000E+00 1.111E+03 5.541E+34     
 5.157E+00 0.000E+00 2.941E+01 8.823E-01 3.000E+00 1.111E+03 5.541E+34     
 5.206E+00 0.000E+00 3.205E+01 9.615E-01 3.000E+00 1.111E+03 5.541E+34     
 5.256E+00 0.000E+00 3.418E+01 1.025E+00 3.000E+00 1.111E+03 5.541E+34     
 5.305E+00 0.000E+00 3.661E+01 1.098E+00 3.000E+00 1.111E+03 5.541E+34     
 5.355E+00 0.000E+00 3.885E+01 1.165E+00 3.000E+00 1.111E+03 5.541E+34     
 5.405E+00 0.000E+00 4.129E+01 1.239E+00 3.000E+00 1.111E+03 5.541E+34     
 5.455E+00 0.000E+00 4.416E+01 1.325E+00 3.000E+00 1.111E+03 5.541E+34     
 5.506E+00 0.000E+00 4.674E+01 1.402E+00 3.000E+00 1.111E+03 5.541E+34     
 5.556E+00 0.000E+00 4.958E+01 1.487E+00 3.000E+00 1.111E+03 5.541E+34     
 5.607E+00 0.000E+00 5.287E+01 1.586E+00 3.000E+00 1.111E+03 5.541E+34     
 5.658E+00 0.000E+00 5.602E+01 1.681E+00 3.000E+00 1.111E+03 5.541E+34     
 5.709E+00 0.000E+00 5.926E+01 1.778E+00 3.000E+00 1.111E+03 5.541E+34     
 5.761E+00 0.000E+00 6.274E+01 1.882E+00 3.000E+00 1.111E+03 5.541E+34     
 5.813E+00 0.000E+00 6.609E+01 1.983E+00 3.000E+00 1.111E+03 5.541E+34     
 5.865E+00 0.000E+00 7.041E+01 2.112E+00 3.000E+00 1.111E+03 5.541E+34     
 5.917E+00 0.000E+00 7.424E+01 2.227E+00 3.000E+00 1.111E+03 5.541E+34     
 5.970E+00 0.000E+00 7.848E+01 2.354E+00 3.000E+00 1.111E+03 5.541E+34     
 6.049E+00 0.000E+00 8.583E+01 2.575E+00 3.000E+00 1.111E+03 5.541E+34     
 6.107E+00 0.000E+00 9.644E+01 2.893E+00 3.000E+00 1.111E+03 5.541E+34     
 6.160E+00 0.000E+00 1.014E+02 3.041E+00 3.000E+00 1.111E+03 5.541E+34     
 6.203E+00 0.000E+00 1.000E+02 3.000E+00 3.000E+00 1.111E+03 5.541E+34     
 6.235E+00 0.000E+00 1.032E+02 3.095E+00 3.000E+00 1.111E+03 5.541E+34     
 6.311E+00 0.000E+00 1.125E+02 3.376E+00 3.000E+00 1.111E+03 5.541E+34     
 6.365E+00 0.000E+00 1.260E+02 3.780E+00 3.000E+00 1.111E+03 5.541E+34     
 6.419E+00 0.000E+00 1.586E+02 4.758E+00 3.000E+00 1.111E+03 5.541E+34     
 6.474E+00 0.000E+00 1.377E+02 4.131E+00 3.000E+00 1.111E+03 5.541E+34     
 6.529E+00 0.000E+00 1.426E+02 4.277E+00 3.000E+00 1.111E+03 5.541E+34     
 6.584E+00 0.000E+00 1.615E+02 4.844E+00 3.000E+00 1.111E+03 5.541E+34     
 6.639E+00 0.000E+00 1.676E+02 5.027E+00 3.000E+00 1.111E+03 5.541E+34     
 6.695E+00 0.000E+00 1.656E+02 4.969E+00 3.000E+00 1.111E+03 5.541E+34     
 6.750E+00 0.000E+00 1.767E+02 5.301E+00 3.000E+00 1.111E+03 5.541E+34     
 6.807E+00 0.000E+00 1.644E+02 4.931E+00 3.000E+00 1.111E+03 5.541E+34     
 6.874E+00 0.000E+00 1.675E+02 5.025E+00 3.000E+00 1.111E+03 5.541E+34     

# Data set         :   4   xs100000.tot   
# Author           : Wing                
# Year             : 1962
# EXFOR subentry   : T0124006 
# Weight           :      1.00000
# Quality          :   
# energy     TALYS      exp       dexp  rel. unc. %   Chi2      C/E   include
 3.200E+00 0.000E+00 4.989E-01 1.497E-02 3.000E+00 1.111E+03 5.541E+34     
 4.900E+00 0.000E+00 1.896E+01 5.688E-01 3.000E+00 1.111E+03 5.541E+34     
 5.000E+00 0.000E+00 2.395E+01 7.185E-01 3.000E+00 1.111E+03 5.541E+34     
 5.100E+00 0.000E+00 3.792E+01 5.987E+00 1.579E+01 4.011E+01 5.541E+34     
 6.000E+00 0.000E+00 9.779E+01 2.934E+00 3.000E+00 1.111E+03 5.541E+34     
 6.100E+00 0.000E+00 1.148E+02 3.443E+00 3.000E+00 1.111E+03 5.541E+34     
 6.400E+00 0.000E+00 1.327E+02 3.982E+00 3.000E+00 1.111E+03 5.541E+34     
 6.900E+00 0.000E+00 1.786E+02 5.359E+00 3.000E+00 1.111E+03 5.541E+34     
 7.100E+00 0.000E+00 2.086E+02 2.994E+01 1.435E+01 4.853E+01 5.541E+34     
 8.000E+00 0.000E+00 2.954E+02 8.861E+00 3.000E+00 1.111E+03 5.541E+34     
 8.100E+00 0.000E+00 3.233E+02 9.699E+00 3.000E+00 1.111E+03 5.541E+34     
 8.700E+00 0.000E+00 3.742E+02 1.123E+01 3.000E+00 1.111E+03 5.541E+34     
 8.900E+00 0.000E+00 4.171E+02 1.251E+01 3.000E+00 1.111E+03 5.541E+34     
 9.000E+00 0.000E+00 4.391E+02 1.317E+01 3.000E+00 1.111E+03 5.541E+34     
 9.000E+00 0.000E+00 4.201E+02 1.260E+01 3.000E+00 1.111E+03 5.541E+34     
 9.450E+00 0.000E+00 4.880E+02 1.464E+01 3.000E+00 1.111E+03 5.541E+34     
 9.850E+00 0.000E+00 5.199E+02 1.560E+01 3.000E+00 1.111E+03 5.541E+34     
 1.016E+01 0.000E+00 5.199E+02 6.586E+01 1.267E+01 6.231E+01 5.541E+34     
 1.033E+01 0.000E+00 5.608E+02 1.682E+01 3.000E+00 1.111E+03 5.541E+34     
 1.035E+01 0.000E+00 5.748E+02 1.724E+01 3.000E+00 1.111E+03 5.541E+34     
 1.043E+01 0.000E+00 5.887E+02 1.766E+01 3.000E+00 1.111E+03 5.541E+34     
 1.045E+01 0.000E+00 5.877E+02 1.763E+01 3.000E+00 1.111E+03 5.541E+34     
 1.050E+01 0.000E+00 5.798E+02 1.739E+01 3.000E+00 1.111E+03 5.541E+34     

# Channel          : xs100000.tot   
# Frms limit       : 1.000E+30
# Chi2 limit       : 1.000E+30
# Fracmax          : 3.000E-02
# xs (mb) limit    : 1.000E-01

# Data set         :   1   xs100000.tot   
# Author           : Blaser              
# Year             : 1951
# EXFOR subentry   : B0048007 
# Weight           :      0.00000
# Quality          :   
# energy     TALYS      exp       dexp  rel. unc. %   Chi2      C/E   include
 3.310E+00 0.000E+00 6.900E-01 2.070E-02 3.000E+00 1.111E+03 5.541E+34     
 3.840E+00 0.000E+00 3.100E+00 9.300E-02 3.000E+00 1.111E+03 5.541E+34     
 4.080E+00 0.000E+00 5.300E+00 1.590E-01 3.000E+00 1.111E+03 5.541E+34     
 4.270E+00 0.000E+00 8.200E+00 2.460E-01 3.000E+00 1.111E+03 5.541E+34     
 4.380E+00 0.000E+00 1.000E+01 3.000E-01 3.000E+00 1.111E+03 5.541E+34     
 4.480E+00 0.000E+00 1.200E+01 3.600E-01 3.000E+00 1.111E+03 5.541E+34     
 4.590E+00 0.000E+00 1.500E+01 4.500E-01 3.000E+00 1.111E+03 5.541E+34     
 4.690E+00 0.000E+00 1.800E+01 5.400E-01 3.000E+00 1.111E+03 5.541E+34     
 4.790E+00 0.000E+00 2.000E+01 6.000E-01 3.000E+00 1.111E+03 5.541E+34     
 5.010E+00 0.000E+00 2.700E+01 8.100E-01 3.000E+00 1.111E+03 5.541E+34     
 5.180E+00 0.000E+00 3.400E+01 1.020E+00 3.000E+00 1.111E+03 5.541E+34     
 5.360E+00 0.000E+00 4.200E+01 1.260E+00 3.000E+00 1.111E+03 5.541E+34     
 5.540E+00 0.000E+00 5.100E+01 1.530E+00 3.000E+00 1.111E+03 5.541E+34     
 5.720E+00 0.000E+00 6.100E+01 1.830E+00 3.000E+00 1.111E+03 5.541E+34     
 5.900E+00 0.000E+00 7.200E+01 2.160E+00 3.000E+00 1.111E+03 5.541E+34     
 6.080E+00 0.000E+00 8.600E+01 2.580E+00 3.000E+00 1.111E+03 5.541E+34     
 6.240E+00 0.000E+00 1.000E+02 3.000E+00 3.000E+00 1.111E+03 5.541E+34     
 6.400E+00 0.000E+00 1.200E+02 3.600E+00 3.000E+00 1.111E+03 5.541E+34     

# Data set         :   2   xs100000.tot   
# Author           : Colle               
# Year             : 1974
# EXFOR subentry   : B0057004 
# Weight           :      1.00000
# Quality          :   
# energy     TALYS      exp       dexp  rel. unc. %   Chi2      C/E   include
 2.510E+00 0.000E+00 1.900E-02 2.000E-03 1.053E+01 9.025E+01 5.541E+34     
 3.120E+00 0.000E+00 5.200E-01 4.000E-02 7.692E+00 1.690E+02 5.541E+34     
 3.650E+00 0.000E+00 1.820E+00 1.300E-01 7.143E+00 1.960E+02 5.541E+34     
 3.840E+00 0.000E+00 2.520E+00 1.700E-01 6.746E+00 2.197E+02 5.541E+34     
 4.160E+00 0.000E+00 5.160E+00 3.500E-01 6.783E+00 2.174E+02 5.541E+34     
 4.940E+00 0.000E+00 2.440E+01 1.600E+00 6.557E+00 2.326E+02 5.541E+34     
 6.060E+00 0.000E+00 1.010E+02 7.000E+00 6.931E+00 2.082E+02 5.541E+34     
 7.200E+00 0.000E+00 2.160E+02 1.500E+01 6.944E+00 2.074E+02 5.541E+34     
 8.170E+00 0.000E+00 3.310E+02 2.000E+01 6.042E+00 2.739E+02 5.541E+34     
 9.180E+00 0.000E+00 5.210E+02 3.600E+01 6.910E+00 2.094E+02 5.541E+34     
 9.350E+00 0.000E+00 4.950E+02 4.700E+01 9.495E+00 1.109E+02 5.541E+34     
 1.030E+01 0.000E+00 6.060E+02 4.100E+01 6.766E+00 2.185E+02 5.541E+34     
 1.031E+01 0.000E+00 6.440E+02 5.500E+01 8.540E+00 1.371E+02 5.541E+34     
 1.133E+01 0.000E+00 6.640E+02 4.600E+01 6.928E+00 2.084E+02 5.541E+34     
 1.134E+01 0.000E+00 6.800E+02 4.700E+01 6.912E+00 2.093E+02 5.541E+34     
 1.229E+01 0.000E+00 5.480E+02 3.700E+01 6.752E+00 2.194E+02 5.541E+34     
 1.243E+01 0.000E+00 4.960E+02 3.300E+01 6.653E+00 2.259E+02 5.541E+34     
 1.258E+01 0.000E+00 4.910E+02 3.400E+01 6.925E+00 2.085E+02 5.541E+34     
 1.262E+01 0.000E+00 5.180E+02 3.500E+01 6.757E+00 2.190E+02 5.541E+34     
 1.295E+01 0.000E+00 4.600E+02 3.100E+01 6.739E+00 2.202E+02 5.541E+34     
 1.299E+01 0.000E+00 4.490E+02 3.100E+01 6.904E+00 2.098E+02 5.541E+34     
 1.327E+01 0.000E+00 3.860E+02 2.600E+01 6.736E+00 2.204E+02 5.541E+34     
 1.327E+01 0.000E+00 4.020E+02 2.800E+01 6.965E+00 2.061E+02 5.541E+34     
 1.344E+01 0.000E+00 3.690E+02 3.600E+01 9.756E+00 1.051E+02 5.541E+34     
 1.344E+01 0.000E+00 3.730E+02 2.500E+01 6.702E+00 2.226E+02 5.541E+34     
 1.346E+01 0.000E+00 3.900E+02 2.600E+01 6.667E+00 2.250E+02 5.541E+34     
 1.358E+01 0.000E+00 3.700E+02 2.500E+01 6.757E+00 2.190E+02 5.541E+34     
 1.399E+01 0.000E+00 3.140E+02 2.100E+01 6.688E+00 2.236E+02 5.541E+34     
 1.439E+01 0.000E+00 2.670E+02 1.800E+01 6.742E+00 2.200E+02 5.541E+34     
 1.559E+01 0.000E+00 1.540E+02 1.100E+01 7.143E+00 1.960E+02 5.541E+34     
 1.595E+01 0.000E+00 1.440E+02 1.000E+01 6.944E+00 2.074E+02 5.541E+34     
 1.619E+01 0.000E+00 1.320E+02 9.000E+00 6.818E+00 2.151E+02 5.541E+34     
 1.645E+01 0.000E+00 1.100E+02 7.000E+00 6.364E+00 2.469E+02 5.541E+34     
 1.669E+01 0.000E+00 1.040E+02 7.000E+00 6.731E+00 2.207E+02 5.541E+34     
 1.692E+01 0.000E+00 9.640E+01 6.500E+00 6.743E+00 2.200E+02 5.541E+34     
 1.871E+01 0.000E+00 5.480E+01 3.800E+00 6.934E+00 2.080E+02 5.541E+34     
 1.904E+01 0.000E+00 5.110E+01 3.700E+00 7.241E+00 1.907E+02 5.541E+34     
 1.927E+01 0.000E+00 4.850E+01 3.300E+00 6.804E+00 2.160E+02 5.541E+34     
 1.950E+01 0.000E+00 4.600E+01 3.200E+00 6.957E+00 2.066E+02 5.541E+34     
 1.973E+01 0.000E+00 4.730E+01 3.200E+00 6.765E+00 2.185E+02 5.541E+34     
 1.996E+01 0.000E+00 5.090E+01 3.500E+00 6.876E+00 2.115E+02 5.541E+34     

# Data set         :   3   xs100000.tot   
# Author           : Hershberger         
# Year             : 1980
# EXFOR subentry   : C0529002 
# Weight           :      1.00000
# Quality          :   
# energy     TALYS      exp       dexp  rel. unc. %   Chi2      C/E   include
 2.959E+00 0.000E+00 1.200E-01 4.056E-03 3.380E+00 8.753E+02 5.541E+34     
 2.996E+00 0.000E+00 1.400E-01 4.270E-03 3.050E+00 1.075E+03 5.541E+34     
 3.034E+00 0.000E+00 1.700E-01 5.100E-03 3.000E+00 1.111E+03 5.541E+34     
 3.072E+00 0.000E+00 2.000E-01 6.000E-03 3.000E+00 1.111E+03 5.541E+34     
 3.110E+00 0.000E+00 2.400E-01 7.200E-03 3.000E+00 1.111E+03 5.541E+34     
 3.148E+00 0.000E+00 2.600E-01 7.800E-03 3.000E+00 1.111E+03 5.541E+34     
 3.187E+00 0.000E+00 3.200E-01 9.600E-03 3.000E+00 1.111E+03 5.541E+34     
 3.226E+00 0.000E+00 3.700E-01 1.110E-02 3.000E+00 1.111E+03 5.541E+34     
 3.265E+00 0.000E+00 4.300E-01 1.290E-02 3.000E+00 1.111E+03 5.541E+34     
 3.304E+00 0.000E+00 4.800E-01 1.440E-02 3.000E+00 1.111E+03 5.541E+34     
 3.343E+00 0.000E+00 5.400E-01 1.620E-02 3.000E+00 1.111E+03 5.541E+34     
 3.383E+00 0.000E+00 6.100E-01 1.830E-02 3.000E+00 1.111E+03 5.541E+34     
 3.423E+00 0.000E+00 6.900E-01 2.070E-02 3.000E+00 1.111E+03 5.541E+34     
 3.463E+00 0.000E+00 8.100E-01 2.430E-02 3.000E+00 1.111E+03 5.541E+34     
 3.503E+00 0.000E+00 9.100E-01 2.730E-02 3.000E+00 1.111E+03 5.541E+34     
 3.544E+00 0.000E+00 1.010E+00 3.030E-02 3.000E+00 1.111E+03 5.541E+34     
 3.585E+00 0.000E+00 1.150E+00 3.450E-02 3.000E+00 1.111E+03 5.541E+34     
 3.626E+00 0.000E+00 1.310E+00 3.930E-02 3.000E+00 1.111E+03 5.541E+34     
 3.667E+00 0.000E+00 1.460E+00 4.380E-02 3.000E+00 1.111E+03 5.541E+34     
 3.708E+00 0.000E+00 1.620E+00 4.860E-02 3.000E+00 1.111E+03 5.541E+34     
 3.750E+00 0.000E+00 1.860E+00 5.580E-02 3.000E+00 1.111E+03 5.541E+34     
 3.792E+00 0.000E+00 2.020E+00 6.060E-02 3.000E+00 1.111E+03 5.541E+34     
 3.834E+00 0.000E+00 2.270E+00 6.810E-02 3.000E+00 1.111E+03 5.541E+34     
 3.877E+00 0.000E+00 2.550E+00 7.650E-02 3.000E+00 1.111E+03 5.541E+34     
 3.919E+00 0.000E+00 2.780E+00 8.340E-02 3.000E+00 1.111E+03 5.541E+34     
 3.962E+00 0.000E+00 3.190E+00 9.570E-02 3.000E+00 1.111E+03 5.541E+34     
 4.005E+00 0.000E+00 3.510E+00 1.053E-01 3.000E+00 1.111E+03 5.541E+34     
 4.049E+00 0.000E+00 3.860E+00 1.158E-01 3.000E+00 1.111E+03 5.541E+34     
 4.092E+00 0.000E+00 4.370E+00 1.311E-01 3.000E+00 1.111E+03 5.541E+34     
 4.136E+00 0.000E+00 4.690E+00 1.407E-01 3.000E+00 1.111E+03 5.541E+34     
 4.180E+00 0.000E+00 5.280E+00 1.584E-01 3.000E+00 1.111E+03 5.541E+34     
 4.224E+00 0.000E+00 5.700E+00 1.710E-01 3.000E+00 1.111E+03 5.541E+34     
 4.269E+00 0.000E+00 6.340E+00 1.902E-01 3.000E+00 1.111E+03 5.541E+34     
 4.314E+00 0.000E+00 6.820E+00 2.046E-01 3.000E+00 1.111E+03 5.541E+34     
 4.359E+00 0.000E+00 7.560E+00 2.268E-01 3.000E+00 1.111E+03 5.541E+34     
 4.404E+00 0.000E+00 8.130E+00 2.439E-01 3.000E+00 1.111E+03 5.541E+34     
 4.449E+00 0.000E+00 9.190E+00 2.757E-01 3.000E+00 1.111E+03 5.541E+34     
 4.495E+00 0.000E+00 9.830E+00 2.949E-01 3.000E+00 1.111E+03 5.541E+34     
 4.540E+00 0.000E+00 1.089E+01 3.267E-01 3.000E+00 1.111E+03 5.541E+34     
 4.587E+00 0.000E+00 1.170E+01 3.510E-01 3.000E+00 1.111E+03 5.541E+34     
 4.633E+00 0.000E+00 1.277E+01 3.831E-01 3.000E+00 1.111E+03 5.541E+34     
 4.679E+00 0.000E+00 1.403E+01 4.209E-01 3.000E+00 1.111E+03 5.541E+34     
 4.726E+00 0.000E+00 1.507E+01 4.521E-01 3.000E+00 1.111E+03 5.541E+34     
 4.773E+00 0.000E+00 1.624E+01 4.872E-01 3.000E+00 1.111E+03 5.541E+34     
 4.820E+00 0.000E+00 1.775E+01 5.325E-01 3.000E+00 1.111E+03 5.541E+34     
 4.868E+00 0.000E+00 1.940E+01 5.820E-01 3.000E+00 1.111E+03 5.541E+34     
 4.916E+00 0.000E+00 2.049E+01 6.147E-01 3.000E+00 1.111E+03 5.541E+34     
 4.963E+00 0.000E+00 2.235E+01 6.705E-01 3.000E+00 1.111E+03 5.541E+34     
 5.012E+00 0.000E+00 2.410E+01 7.230E-01 3.000E+00 1.111E+03 5.541E+34     
 5.060E+00 0.000E+00 2.568E+01 7.704E-01 3.000E+00 1.111E+03 5.541E+34     
 5.109E+00 0.000E+00 2.749E+01 8.247E-01 3.000E+00 1.111E+03 5.541E+34     
 5.157E+00 0.000E+00 2.941E+01 8.823E-01 3.000E+00 1.111E+03 5.541E+34     
 5.206E+00 0.000E+00 3.205E+01 9.615E-01 3.000E+00 1.111E+03 5.541E+34     
 5.256E+00 0.000E+00 3.418E+01 1.025E+00 3.000E+00 1.111E+03 5.541E+34     
 5.305E+00 0.000E+00 3.661E+01 1.098E+00 3.000E+00 1.111E+03 5.541E+34     
 5.355E+00 0.000E+00 3.885E+01 1.165E+00 3.000E+00 1.111E+03 5.541E+34     
 5.405E+00 0.000E+00 4.129E+01 1.239E+00 3.000E+00 1.111E+03 5.541E+34     
 5.455E+00 0.000E+00 4.416E+01 1.325E+00 3.000E+00 1.111E+03 5.541E+34     
 5.506E+00 0.000E+00 4.674E+01 1.402E+00 3.000E+00 1.111E+03 5.541E+34     
 5.556E+00 0.000E+00 4.958E+01 1.487E+00 3.000E+00 1.111E+03 5.541E+34     
 5.607E+00 0.000E+00 5.287E+01 1.586E+00 3.000E+00 1.111E+03 5.541E+34     
 5.658E+00 0.000E+00 5.602E+01 1.681E+00 3.000E+00 1.111E+03 5.541E+34     
 5.709E+00 0.000E+00 5.926E+01 1.778E+00 3.000E+00 1.111E+03 5.541E+34     
 5.761E+00 0.000E+00 6.274E+01 1.882E+00 3.000E+00 1.111E+03 5.541E+34     
 5.813E+00 0.000E+00 6.609E+01 1.983E+00 3.000E+00 1.111E+03 5.541E+34     
 5.865E+00 0.000E+00 7.041E+01 2.112E+00 3.000E+00 1.111E+03 5.541E+34     
 5.917E+00 0.000E+00 7.424E+01 2.227E+00 3.000E+00 1.111E+03 5.541E+34     
 5.970E+00 0.000E+00 7.848E+01 2.354E+00 3.000E+00 1.111E+03 5.541E+34     
 6.049E+00 0.000E+00 8.583E+01 2.575E+00 3.000E+00 1.111E+03 5.541E+34     
 6.107E+00 0.000E+00 9.644E+01 2.893E+00 3.000E+00 1.111E+03 5.541E+34     
 6.160E+00 0.000E+00 1.014E+02 3.041E+00 3.000E+00 1.111E+03 5.541E+34     
 6.203E+00 0.000E+00 1.000E+02 3.000E+00 3.000E+00 1.111E+03 5.541E+34     
 6.235E+00 0.000E+00 1.032E+02 3.095E+00 3.000E+00 1.111E+03 5.541E+34     
 6.311E+00 0.000E+00 1.125E+02 3.376E+00 3.000E+00 1.111E+03 5.541E+34     
 6.365E+00 0.000E+00 1.260E+02 3.780E+00 3.000E+00 1.111E+03 5.541E+34     
 6.419E+00 0.000E+00 1.586E+02 4.758E+00 3.000E+00 1.111E+03 5.541E+34     
 6.474E+00 0.000E+00 1.377E+02 4.131E+00 3.000E+00 1.111E+03 5.541E+34     
 6.529E+00 0.000E+00 1.426E+02 4.277E+00 3.000E+00 1.111E+03 5.541E+34     
 6.584E+00 0.000E+00 1.615E+02 4.844E+00 3.000E+00 1.111E+03 5.541E+34     
 6.639E+00 0.000E+00 1.676E+02 5.027E+00 3.000E+00 1.111E+03 5.541E+34     
 6.695E+00 0.000E+00 1.656E+02 4.969E+00 3.000E+00 1.111E+03 5.541E+34     
 6.750E+00 0.000E+00 1.767E+02 5.301E+00 3.000E+00 1.111E+03 5.541E+34     
 6.807E+00 0.000E+00 1.644E+02 4.931E+00 3.000E+00 1.111E+03 5.541E+34     
 6.874E+00 0.000E+00 1.675E+02 5.025E+00 3.000E+00 1.111E+03 5.541E+34     

# Data set         :   4   xs100000.tot   
# Author           : Wing                
# Year             : 1962
# EXFOR subentry   : T0124006 
# Weight           :      1.00000
# Quality          :   
# energy     TALYS      exp       dexp  rel. unc. %   Chi2      C/E   include
 3.200E+00 0.000E+00 4.989E-01 1.497E-02 3.000E+00 1.111E+03 5.541E+34     
 4.900E+00 0.000E+00 1.896E+01 5.688E-01 3.000E+00 1.111E+03 5.541E+34     
 5.000E+00 0.000E+00 2.395E+01 7.185E-01 3.000E+00 1.111E+03 5.541E+34     
 5.100E+00 0.000E+00 3.792E+01 5.987E+00 1.579E+01 4.011E+01 5.541E+34     
 6.000E+00 0.000E+00 9.779E+01 2.934E+00 3.000E+00 1.111E+03 5.541E+34     
 6.100E+00 0.000E+00 1.148E+02 3.443E+00 3.000E+00 1.111E+03 5.541E+34     
 6.400E+00 0.000E+00 1.327E+02 3.982E+00 3.000E+00 1.111E+03 5.541E+34     
 6.900E+00 0.000E+00 1.786E+02 5.359E+00 3.000E+00 1.111E+03 5.541E+34     
 7.100E+00 0.000E+00 2.086E+02 2.994E+01 1.435E+01 4.853E+01 5.541E+34     
 8.000E+00 0.000E+00 2.954E+02 8.861E+00 3.000E+00 1.111E+03 5.541E+34     
 8.100E+00 0.000E+00 3.233E+02 9.699E+00 3.000E+00 1.111E+03 5.541E+34     
 8.700E+00 0.000E+00 3.742E+02 1.123E+01 3.000E+00 1.111E+03 5.541E+34     
 8.900E+00 0.000E+00 4.171E+02 1.251E+01 3.000E+00 1.111E+03 5.541E+34     
 9.000E+00 0.000E+00 4.391E+02 1.317E+01 3.000E+00 1.111E+03 5.541E+34     
 9.000E+00 0.000E+00 4.201E+02 1.260E+01 3.000E+00 1.111E+03 5.541E+34     
 9.450E+00 0.000E+00 4.880E+02 1.464E+01 3.000E+00 1.111E+03 5.541E+34     
 9.850E+00 0.000E+00 5.199E+02 1.560E+01 3.000E+00 1.111E+03 5.541E+34     
 1.016E+01 0.000E+00 5.199E+02 6.586E+01 1.267E+01 6.231E+01 5.541E+34     
 1.033E+01 0.000E+00 5.608E+02 1.682E+01 3.000E+00 1.111E+03 5.541E+34     
 1.035E+01 0.000E+00 5.748E+02 1.724E+01 3.000E+00 1.111E+03 5.541E+34     
 1.043E+01 0.000E+00 5.887E+02 1.766E+01 3.000E+00 1.111E+03 5.541E+34     
 1.045E+01 0.000E+00 5.877E+02 1.763E+01 3.000E+00 1.111E+03 5.541E+34     
 1.050E+01 0.000E+00 5.798E+02 1.739E+01 3.000E+00 1.111E+03 5.541E+34     

# Channel          : xs100000.tot   
# Frms limit       : 1.000E+30
# Chi2 limit       : 1.000E+30
# Fracmax          : 3.000E-02
# xs (mb) limit    : 1.000E-01

# Data set         :   1   xs100000.tot   
# Author           : Blaser              
# Year             : 1951
# EXFOR subentry   : B0048007 
# Weight           :      0.00000
# Quality          :   
# energy     TALYS      exp       dexp  rel. unc. %   Chi2      C/E   include
 3.310E+00 0.000E+00 6.900E-01 2.070E-02 3.000E+00 1.111E+03 5.541E+34     
 3.840E+00 0.000E+00 3.100E+00 9.300E-02 3.000E+00 1.111E+03 5.541E+34     
 4.080E+00 0.000E+00 5.300E+00 1.590E-01 3.000E+00 1.111E+03 5.541E+34     
 4.270E+00 0.000E+00 8.200E+00 2.460E-01 3.000E+00 1.111E+03 5.541E+34     
 4.380E+00 0.000E+00 1.000E+01 3.000E-01 3.000E+00 1.111E+03 5.541E+34     
 4.480E+00 0.000E+00 1.200E+01 3.600E-01 3.000E+00 1.111E+03 5.541E+34     
 4.590E+00 0.000E+00 1.500E+01 4.500E-01 3.000E+00 1.111E+03 5.541E+34     
 4.690E+00 0.000E+00 1.800E+01 5.400E-01 3.000E+00 1.111E+03 5.541E+34     
 4.790E+00 0.000E+00 2.000E+01 6.000E-01 3.000E+00 1.111E+03 5.541E+34     
 5.010E+00 0.000E+00 2.700E+01 8.100E-01 3.000E+00 1.111E+03 5.541E+34     
 5.180E+00 0.000E+00 3.400E+01 1.020E+00 3.000E+00 1.111E+03 5.541E+34     
 5.360E+00 0.000E+00 4.200E+01 1.260E+00 3.000E+00 1.111E+03 5.541E+34     
 5.540E+00 0.000E+00 5.100E+01 1.530E+00 3.000E+00 1.111E+03 5.541E+34     
 5.720E+00 0.000E+00 6.100E+01 1.830E+00 3.000E+00 1.111E+03 5.541E+34     
 5.900E+00 0.000E+00 7.200E+01 2.160E+00 3.000E+00 1.111E+03 5.541E+34     
 6.080E+00 0.000E+00 8.600E+01 2.580E+00 3.000E+00 1.111E+03 5.541E+34     
 6.240E+00 0.000E+00 1.000E+02 3.000E+00 3.000E+00 1.111E+03 5.541E+34     
 6.400E+00 0.000E+00 1.200E+02 3.600E+00 3.000E+00 1.111E+03 5.541E+34     

# Data set         :   2   xs100000.tot   
# Author           : Colle               
# Year             : 1974
# EXFOR subentry   : B0057004 
# Weight           :      1.00000
# Quality          :   
# energy     TALYS      exp       dexp  rel. unc. %   Chi2      C/E   include
 2.510E+00 0.000E+00 1.900E-02 2.000E-03 1.053E+01 9.025E+01 5.541E+34     
 3.120E+00 0.000E+00 5.200E-01 4.000E-02 7.692E+00 1.690E+02 5.541E+34     
 3.650E+00 0.000E+00 1.820E+00 1.300E-01 7.143E+00 1.960E+02 5.541E+34     
 3.840E+00 0.000E+00 2.520E+00 1.700E-01 6.746E+00 2.197E+02 5.541E+34     
 4.160E+00 0.000E+00 5.160E+00 3.500E-01 6.783E+00 2.174E+02 5.541E+34     
 4.940E+00 0.000E+00 2.440E+01 1.600E+00 6.557E+00 2.326E+02 5.541E+34     
 6.060E+00 0.000E+00 1.010E+02 7.000E+00 6.931E+00 2.082E+02 5.541E+34     
 7.200E+00 0.000E+00 2.160E+02 1.500E+01 6.944E+00 2.074E+02 5.541E+34     
 8.170E+00 0.000E+00 3.310E+02 2.000E+01 6.042E+00 2.739E+02 5.541E+34     
 9.180E+00 0.000E+00 5.210E+02 3.600E+01 6.910E+00 2.094E+02 5.541E+34     
 9.350E+00 0.000E+00 4.950E+02 4.700E+01 9.495E+00 1.109E+02 5.541E+34     
 1.030E+01 0.000E+00 6.060E+02 4.100E+01 6.766E+00 2.185E+02 5.541E+34     
 1.031E+01 0.000E+00 6.440E+02 5.500E+01 8.540E+00 1.371E+02 5.541E+34     
 1.133E+01 0.000E+00 6.640E+02 4.600E+01 6.928E+00 2.084E+02 5.541E+34     
 1.134E+01 0.000E+00 6.800E+02 4.700E+01 6.912E+00 2.093E+02 5.541E+34     
 1.229E+01 0.000E+00 5.480E+02 3.700E+01 6.752E+00 2.194E+02 5.541E+34     
 1.243E+01 0.000E+00 4.960E+02 3.300E+01 6.653E+00 2.259E+02 5.541E+34     
 1.258E+01 0.000E+00 4.910E+02 3.400E+01 6.925E+00 2.085E+02 5.541E+34     
 1.262E+01 0.000E+00 5.180E+02 3.500E+01 6.757E+00 2.190E+02 5.541E+34     
 1.295E+01 0.000E+00 4.600E+02 3.100E+01 6.739E+00 2.202E+02 5.541E+34     
 1.299E+01 0.000E+00 4.490E+02 3.100E+01 6.904E+00 2.098E+02 5.541E+34     
 1.327E+01 0.000E+00 3.860E+02 2.600E+01 6.736E+00 2.204E+02 5.541E+34     
 1.327E+01 0.000E+00 4.020E+02 2.800E+01 6.965E+00 2.061E+02 5.541E+34     
 1.344E+01 0.000E+00 3.690E+02 3.600E+01 9.756E+00 1.051E+02 5.541E+34     
 1.344E+01 0.000E+00 3.730E+02 2.500E+01 6.702E+00 2.226E+02 5.541E+34     
 1.346E+01 0.000E+00 3.900E+02 2.600E+01 6.667E+00 2.250E+02 5.541E+34     
 1.358E+01 0.000E+00 3.700E+02 2.500E+01 6.757E+00 2.190E+02 5.541E+34     
 1.399E+01 0.000E+00 3.140E+02 2.100E+01 6.688E+00 2.236E+02 5.541E+34     
 1.439E+01 0.000E+00 2.670E+02 1.800E+01 6.742E+00 2.200E+02 5.541E+34     
 1.559E+01 0.000E+00 1.540E+02 1.100E+01 7.143E+00 1.960E+02 5.541E+34     
 1.595E+01 0.000E+00 1.440E+02 1.000E+01 6.944E+00 2.074E+02 5.541E+34     
 1.619E+01 0.000E+00 1.320E+02 9.000E+00 6.818E+00 2.151E+02 5.541E+34     
 1.645E+01 0.000E+00 1.100E+02 7.000E+00 6.364E+00 2.469E+02 5.541E+34     
 1.669E+01 0.000E+00 1.040E+02 7.000E+00 6.731E+00 2.207E+02 5.541E+34     
 1.692E+01 0.000E+00 9.640E+01 6.500E+00 6.743E+00 2.200E+02 5.541E+34     
 1.871E+01 0.000E+00 5.480E+01 3.800E+00 6.934E+00 2.080E+02 5.541E+34     
 1.904E+01 0.000E+00 5.110E+01 3.700E+00 7.241E+00 1.907E+02 5.541E+34     
 1.927E+01 0.000E+00 4.850E+01 3.300E+00 6.804E+00 2.160E+02 5.541E+34     
 1.950E+01 0.000E+00 4.600E+01 3.200E+00 6.957E+00 2.066E+02 5.541E+34     
 1.973E+01 0.000E+00 4.730E+01 3.200E+00 6.765E+00 2.185E+02 5.541E+34     
 1.996E+01 0.000E+00 5.090E+01 3.500E+00 6.876E+00 2.115E+02 5.541E+34     

# Data set         :   3   xs100000.tot   
# Author           : Hershberger         
# Year             : 1980
# EXFOR subentry   : C0529002 
# Weight           :      1.00000
# Quality          :   
# energy     TALYS      exp       dexp  rel. unc. %   Chi2      C/E   include
 2.959E+00 0.000E+00 1.200E-01 4.056E-03 3.380E+00 8.753E+02 5.541E+34     
 2.996E+00 0.000E+00 1.400E-01 4.270E-03 3.050E+00 1.075E+03 5.541E+34     
 3.034E+00 0.000E+00 1.700E-01 5.100E-03 3.000E+00 1.111E+03 5.541E+34     
 3.072E+00 0.000E+00 2.000E-01 6.000E-03 3.000E+00 1.111E+03 5.541E+34     
 3.110E+00 0.000E+00 2.400E-01 7.200E-03 3.000E+00 1.111E+03 5.541E+34     
 3.148E+00 0.000E+00 2.600E-01 7.800E-03 3.000E+00 1.111E+03 5.541E+34     
 3.187E+00 0.000E+00 3.200E-01 9.600E-03 3.000E+00 1.111E+03 5.541E+34     
 3.226E+00 0.000E+00 3.700E-01 1.110E-02 3.000E+00 1.111E+03 5.541E+34     
 3.265E+00 0.000E+00 4.300E-01 1.290E-02 3.000E+00 1.111E+03 5.541E+34     
 3.304E+00 0.000E+00 4.800E-01 1.440E-02 3.000E+00 1.111E+03 5.541E+34     
 3.343E+00 0.000E+00 5.400E-01 1.620E-02 3.000E+00 1.111E+03 5.541E+34     
 3.383E+00 0.000E+00 6.100E-01 1.830E-02 3.000E+00 1.111E+03 5.541E+34     
 3.423E+00 0.000E+00 6.900E-01 2.070E-02 3.000E+00 1.111E+03 5.541E+34     
 3.463E+00 0.000E+00 8.100E-01 2.430E-02 3.000E+00 1.111E+03 5.541E+34     
 3.503E+00 0.000E+00 9.100E-01 2.730E-02 3.000E+00 1.111E+03 5.541E+34     
 3.544E+00 0.000E+00 1.010E+00 3.030E-02 3.000E+00 1.111E+03 5.541E+34     
 3.585E+00 0.000E+00 1.150E+00 3.450E-02 3.000E+00 1.111E+03 5.541E+34     
 3.626E+00 0.000E+00 1.310E+00 3.930E-02 3.000E+00 1.111E+03 5.541E+34     
 3.667E+00 0.000E+00 1.460E+00 4.380E-02 3.000E+00 1.111E+03 5.541E+34     
 3.708E+00 0.000E+00 1.620E+00 4.860E-02 3.000E+00 1.111E+03 5.541E+34     
 3.750E+00 0.000E+00 1.860E+00 5.580E-02 3.000E+00 1.111E+03 5.541E+34     
 3.792E+00 0.000E+00 2.020E+00 6.060E-02 3.000E+00 1.111E+03 5.541E+34     
 3.834E+00 0.000E+00 2.270E+00 6.810E-02 3.000E+00 1.111E+03 5.541E+34     
 3.877E+00 0.000E+00 2.550E+00 7.650E-02 3.000E+00 1.111E+03 5.541E+34     
 3.919E+00 0.000E+00 2.780E+00 8.340E-02 3.000E+00 1.111E+03 5.541E+34     
 3.962E+00 0.000E+00 3.190E+00 9.570E-02 3.000E+00 1.111E+03 5.541E+34     
 4.005E+00 0.000E+00 3.510E+00 1.053E-01 3.000E+00 1.111E+03 5.541E+34     
 4.049E+00 0.000E+00 3.860E+00 1.158E-01 3.000E+00 1.111E+03 5.541E+34     
 4.092E+00 0.000E+00 4.370E+00 1.311E-01 3.000E+00 1.111E+03 5.541E+34     
 4.136E+00 0.000E+00 4.690E+00 1.407E-01 3.000E+00 1.111E+03 5.541E+34     
 4.180E+00 0.000E+00 5.280E+00 1.584E-01 3.000E+00 1.111E+03 5.541E+34     
 4.224E+00 0.000E+00 5.700E+00 1.710E-01 3.000E+00 1.111E+03 5.541E+34     
 4.269E+00 0.000E+00 6.340E+00 1.902E-01 3.000E+00 1.111E+03 5.541E+34     
 4.314E+00 0.000E+00 6.820E+00 2.046E-01 3.000E+00 1.111E+03 5.541E+34     
 4.359E+00 0.000E+00 7.560E+00 2.268E-01 3.000E+00 1.111E+03 5.541E+34     
 4.404E+00 0.000E+00 8.130E+00 2.439E-01 3.000E+00 1.111E+03 5.541E+34     
 4.449E+00 0.000E+00 9.190E+00 2.757E-01 3.000E+00 1.111E+03 5.541E+34     
 4.495E+00 0.000E+00 9.830E+00 2.949E-01 3.000E+00 1.111E+03 5.541E+34     
 4.540E+00 0.000E+00 1.089E+01 3.267E-01 3.000E+00 1.111E+03 5.541E+34     
 4.587E+00 0.000E+00 1.170E+01 3.510E-01 3.000E+00 1.111E+03 5.541E+34     
 4.633E+00 0.000E+00 1.277E+01 3.831E-01 3.000E+00 1.111E+03 5.541E+34     
 4.679E+00 0.000E+00 1.403E+01 4.209E-01 3.000E+00 1.111E+03 5.541E+34     
 4.726E+00 0.000E+00 1.507E+01 4.521E-01 3.000E+00 1.111E+03 5.541E+34     
 4.773E+00 0.000E+00 1.624E+01 4.872E-01 3.000E+00 1.111E+03 5.541E+34     
 4.820E+00 0.000E+00 1.775E+01 5.325E-01 3.000E+00 1.111E+03 5.541E+34     
 4.868E+00 0.000E+00 1.940E+01 5.820E-01 3.000E+00 1.111E+03 5.541E+34     
 4.916E+00 0.000E+00 2.049E+01 6.147E-01 3.000E+00 1.111E+03 5.541E+34     
 4.963E+00 0.000E+00 2.235E+01 6.705E-01 3.000E+00 1.111E+03 5.541E+34     
 5.012E+00 0.000E+00 2.410E+01 7.230E-01 3.000E+00 1.111E+03 5.541E+34     
 5.060E+00 0.000E+00 2.568E+01 7.704E-01 3.000E+00 1.111E+03 5.541E+34     
 5.109E+00 0.000E+00 2.749E+01 8.247E-01 3.000E+00 1.111E+03 5.541E+34     
 5.157E+00 0.000E+00 2.941E+01 8.823E-01 3.000E+00 1.111E+03 5.541E+34     
 5.206E+00 0.000E+00 3.205E+01 9.615E-01 3.000E+00 1.111E+03 5.541E+34     
 5.256E+00 0.000E+00 3.418E+01 1.025E+00 3.000E+00 1.111E+03 5.541E+34     
 5.305E+00 0.000E+00 3.661E+01 1.098E+00 3.000E+00 1.111E+03 5.541E+34     
 5.355E+00 0.000E+00 3.885E+01 1.165E+00 3.000E+00 1.111E+03 5.541E+34     
 5.405E+00 0.000E+00 4.129E+01 1.239E+00 3.000E+00 1.111E+03 5.541E+34     
 5.455E+00 0.000E+00 4.416E+01 1.325E+00 3.000E+00 1.111E+03 5.541E+34     
 5.506E+00 0.000E+00 4.674E+01 1.402E+00 3.000E+00 1.111E+03 5.541E+34     
 5.556E+00 0.000E+00 4.958E+01 1.487E+00 3.000E+00 1.111E+03 5.541E+34     
 5.607E+00 0.000E+00 5.287E+01 1.586E+00 3.000E+00 1.111E+03 5.541E+34     
 5.658E+00 0.000E+00 5.602E+01 1.681E+00 3.000E+00 1.111E+03 5.541E+34     
 5.709E+00 0.000E+00 5.926E+01 1.778E+00 3.000E+00 1.111E+03 5.541E+34     
 5.761E+00 0.000E+00 6.274E+01 1.882E+00 3.000E+00 1.111E+03 5.541E+34     
 5.813E+00 0.000E+00 6.609E+01 1.983E+00 3.000E+00 1.111E+03 5.541E+34     
 5.865E+00 0.000E+00 7.041E+01 2.112E+00 3.000E+00 1.111E+03 5.541E+34     
 5.917E+00 0.000E+00 7.424E+01 2.227E+00 3.000E+00 1.111E+03 5.541E+34     
 5.970E+00 0.000E+00 7.848E+01 2.354E+00 3.000E+00 1.111E+03 5.541E+34     
 6.049E+00 0.000E+00 8.583E+01 2.575E+00 3.000E+00 1.111E+03 5.541E+34     
 6.107E+00 0.000E+00 9.644E+01 2.893E+00 3.000E+00 1.111E+03 5.541E+34     
 6.160E+00 0.000E+00 1.014E+02 3.041E+00 3.000E+00 1.111E+03 5.541E+34     
 6.203E+00 0.000E+00 1.000E+02 3.000E+00 3.000E+00 1.111E+03 5.541E+34     
 6.235E+00 0.000E+00 1.032E+02 3.095E+00 3.000E+00 1.111E+03 5.541E+34     
 6.311E+00 0.000E+00 1.125E+02 3.376E+00 3.000E+00 1.111E+03 5.541E+34     
 6.365E+00 0.000E+00 1.260E+02 3.780E+00 3.000E+00 1.111E+03 5.541E+34     
 6.419E+00 0.000E+00 1.586E+02 4.758E+00 3.000E+00 1.111E+03 5.541E+34     
 6.474E+00 0.000E+00 1.377E+02 4.131E+00 3.000E+00 1.111E+03 5.541E+34     
 6.529E+00 0.000E+00 1.426E+02 4.277E+00 3.000E+00 1.111E+03 5.541E+34     
 6.584E+00 0.000E+00 1.615E+02 4.844E+00 3.000E+00 1.111E+03 5.541E+34     
 6.639E+00 0.000E+00 1.676E+02 5.027E+00 3.000E+00 1.111E+03 5.541E+34     
 6.695E+00 0.000E+00 1.656E+02 4.969E+00 3.000E+00 1.111E+03 5.541E+34     
 6.750E+00 0.000E+00 1.767E+02 5.301E+00 3.000E+00 1.111E+03 5.541E+34     
 6.807E+00 0.000E+00 1.644E+02 4.931E+00 3.000E+00 1.111E+03 5.541E+34     
 6.874E+00 0.000E+00 1.675E+02 5.025E+00 3.000E+00 1.111E+03 5.541E+34     

# Data set         :   4   xs100000.tot   
# Author           : Wing                
# Year             : 1962
# EXFOR subentry   : T0124006 
# Weight           :      1.00000
# Quality          :   
# energy     TALYS      exp       dexp  rel. unc. %   Chi2      C/E   include
 3.200E+00 0.000E+00 4.989E-01 1.497E-02 3.000E+00 1.111E+03 5.541E+34     
 4.900E+00 0.000E+00 1.896E+01 5.688E-01 3.000E+00 1.111E+03 5.541E+34     
 5.000E+00 0.000E+00 2.395E+01 7.185E-01 3.000E+00 1.111E+03 5.541E+34     
 5.100E+00 0.000E+00 3.792E+01 5.987E+00 1.579E+01 4.011E+01 5.541E+34     
 6.000E+00 0.000E+00 9.779E+01 2.934E+00 3.000E+00 1.111E+03 5.541E+34     
 6.100E+00 0.000E+00 1.148E+02 3.443E+00 3.000E+00 1.111E+03 5.541E+34     
 6.400E+00 0.000E+00 1.327E+02 3.982E+00 3.000E+00 1.111E+03 5.541E+34     
 6.900E+00 0.000E+00 1.786E+02 5.359E+00 3.000E+00 1.111E+03 5.541E+34     
 7.100E+00 0.000E+00 2.086E+02 2.994E+01 1.435E+01 4.853E+01 5.541E+34     
 8.000E+00 0.000E+00 2.954E+02 8.861E+00 3.000E+00 1.111E+03 5.541E+34     
 8.100E+00 0.000E+00 3.233E+02 9.699E+00 3.000E+00 1.111E+03 5.541E+34     
 8.700E+00 0.000E+00 3.742E+02 1.123E+01 3.000E+00 1.111E+03 5.541E+34     
 8.900E+00 0.000E+00 4.171E+02 1.251E+01 3.000E+00 1.111E+03 5.541E+34     
 9.000E+00 0.000E+00 4.391E+02 1.317E+01 3.000E+00 1.111E+03 5.541E+34     
 9.000E+00 0.000E+00 4.201E+02 1.260E+01 3.000E+00 1.111E+03 5.541E+34     
 9.450E+00 0.000E+00 4.880E+02 1.464E+01 3.000E+00 1.111E+03 5.541E+34     
 9.850E+00 0.000E+00 5.199E+02 1.560E+01 3.000E+00 1.111E+03 5.541E+34     
 1.016E+01 0.000E+00 5.199E+02 6.586E+01 1.267E+01 6.231E+01 5.541E+34     
 1.033E+01 0.000E+00 5.608E+02 1.682E+01 3.000E+00 1.111E+03 5.541E+34     
 1.035E+01 0.000E+00 5.748E+02 1.724E+01 3.000E+00 1.111E+03 5.541E+34     
 1.043E+01 0.000E+00 5.887E+02 1.766E+01 3.000E+00 1.111E+03 5.541E+34     
 1.045E+01 0.000E+00 5.877E+02 1.763E+01 3.000E+00 1.111E+03 5.541E+34     
 1.050E+01 0.000E+00 5.798E+02 1.739E+01 3.000E+00 1.111E+03 5.541E+34     

# Channel          : xs100000.tot   
# Frms limit       : 1.000E+30
# Chi2 limit       : 1.000E+30
# Fracmax          : 3.000E-02
# xs (mb) limit    : 1.000E-01

# Data set         :   1   xs100000.tot   
# Author           : Blaser              
# Year             : 1951
# EXFOR subentry   : B0048007 
# Weight           :      0.00000
# Quality          :   
# energy     TALYS      exp       dexp  rel. unc. %   Chi2      C/E   include
 3.310E+00 0.000E+00 6.900E-01 2.070E-02 3.000E+00 1.111E+03 5.541E+34     
 3.840E+00 0.000E+00 3.100E+00 9.300E-02 3.000E+00 1.111E+03 5.541E+34     
 4.080E+00 0.000E+00 5.300E+00 1.590E-01 3.000E+00 1.111E+03 5.541E+34     
 4.270E+00 0.000E+00 8.200E+00 2.460E-01 3.000E+00 1.111E+03 5.541E+34     
 4.380E+00 0.000E+00 1.000E+01 3.000E-01 3.000E+00 1.111E+03 5.541E+34     
 4.480E+00 0.000E+00 1.200E+01 3.600E-01 3.000E+00 1.111E+03 5.541E+34     
 4.590E+00 0.000E+00 1.500E+01 4.500E-01 3.000E+00 1.111E+03 5.541E+34     
 4.690E+00 0.000E+00 1.800E+01 5.400E-01 3.000E+00 1.111E+03 5.541E+34     
 4.790E+00 0.000E+00 2.000E+01 6.000E-01 3.000E+00 1.111E+03 5.541E+34     
 5.010E+00 0.000E+00 2.700E+01 8.100E-01 3.000E+00 1.111E+03 5.541E+34     
 5.180E+00 0.000E+00 3.400E+01 1.020E+00 3.000E+00 1.111E+03 5.541E+34     
 5.360E+00 0.000E+00 4.200E+01 1.260E+00 3.000E+00 1.111E+03 5.541E+34     
 5.540E+00 0.000E+00 5.100E+01 1.530E+00 3.000E+00 1.111E+03 5.541E+34     
 5.720E+00 0.000E+00 6.100E+01 1.830E+00 3.000E+00 1.111E+03 5.541E+34     
 5.900E+00 0.000E+00 7.200E+01 2.160E+00 3.000E+00 1.111E+03 5.541E+34     
 6.080E+00 0.000E+00 8.600E+01 2.580E+00 3.000E+00 1.111E+03 5.541E+34     
 6.240E+00 0.000E+00 1.000E+02 3.000E+00 3.000E+00 1.111E+03 5.541E+34     
 6.400E+00 0.000E+00 1.200E+02 3.600E+00 3.000E+00 1.111E+03 5.541E+34     

# Data set         :   2   xs100000.tot   
# Author           : Colle               
# Year             : 1974
# EXFOR subentry   : B0057004 
# Weight           :      1.00000
# Quality          :   
# energy     TALYS      exp       dexp  rel. unc. %   Chi2      C/E   include
 2.510E+00 0.000E+00 1.900E-02 2.000E-03 1.053E+01 9.025E+01 5.541E+34     
 3.120E+00 0.000E+00 5.200E-01 4.000E-02 7.692E+00 1.690E+02 5.541E+34     
 3.650E+00 0.000E+00 1.820E+00 1.300E-01 7.143E+00 1.960E+02 5.541E+34     
 3.840E+00 0.000E+00 2.520E+00 1.700E-01 6.746E+00 2.197E+02 5.541E+34     
 4.160E+00 0.000E+00 5.160E+00 3.500E-01 6.783E+00 2.174E+02 5.541E+34     
 4.940E+00 0.000E+00 2.440E+01 1.600E+00 6.557E+00 2.326E+02 5.541E+34     
 6.060E+00 0.000E+00 1.010E+02 7.000E+00 6.931E+00 2.082E+02 5.541E+34     
 7.200E+00 0.000E+00 2.160E+02 1.500E+01 6.944E+00 2.074E+02 5.541E+34     
 8.170E+00 0.000E+00 3.310E+02 2.000E+01 6.042E+00 2.739E+02 5.541E+34     
 9.180E+00 0.000E+00 5.210E+02 3.600E+01 6.910E+00 2.094E+02 5.541E+34     
 9.350E+00 0.000E+00 4.950E+02 4.700E+01 9.495E+00 1.109E+02 5.541E+34     
 1.030E+01 0.000E+00 6.060E+02 4.100E+01 6.766E+00 2.185E+02 5.541E+34     
 1.031E+01 0.000E+00 6.440E+02 5.500E+01 8.540E+00 1.371E+02 5.541E+34     
 1.133E+01 0.000E+00 6.640E+02 4.600E+01 6.928E+00 2.084E+02 5.541E+34     
 1.134E+01 0.000E+00 6.800E+02 4.700E+01 6.912E+00 2.093E+02 5.541E+34     
 1.229E+01 0.000E+00 5.480E+02 3.700E+01 6.752E+00 2.194E+02 5.541E+34     
 1.243E+01 0.000E+00 4.960E+02 3.300E+01 6.653E+00 2.259E+02 5.541E+34     
 1.258E+01 0.000E+00 4.910E+02 3.400E+01 6.925E+00 2.085E+02 5.541E+34     
 1.262E+01 0.000E+00 5.180E+02 3.500E+01 6.757E+00 2.190E+02 5.541E+34     
 1.295E+01 0.000E+00 4.600E+02 3.100E+01 6.739E+00 2.202E+02 5.541E+34     
 1.299E+01 0.000E+00 4.490E+02 3.100E+01 6.904E+00 2.098E+02 5.541E+34     
 1.327E+01 0.000E+00 3.860E+02 2.600E+01 6.736E+00 2.204E+02 5.541E+34     
 1.327E+01 0.000E+00 4.020E+02 2.800E+01 6.965E+00 2.061E+02 5.541E+34     
 1.344E+01 0.000E+00 3.690E+02 3.600E+01 9.756E+00 1.051E+02 5.541E+34     
 1.344E+01 0.000E+00 3.730E+02 2.500E+01 6.702E+00 2.226E+02 5.541E+34     
 1.346E+01 0.000E+00 3.900E+02 2.600E+01 6.667E+00 2.250E+02 5.541E+34     
 1.358E+01 0.000E+00 3.700E+02 2.500E+01 6.757E+00 2.190E+02 5.541E+34     
 1.399E+01 0.000E+00 3.140E+02 2.100E+01 6.688E+00 2.236E+02 5.541E+34     
 1.439E+01 0.000E+00 2.670E+02 1.800E+01 6.742E+00 2.200E+02 5.541E+34     
 1.559E+01 0.000E+00 1.540E+02 1.100E+01 7.143E+00 1.960E+02 5.541E+34     
 1.595E+01 0.000E+00 1.440E+02 1.000E+01 6.944E+00 2.074E+02 5.541E+34     
 1.619E+01 0.000E+00 1.320E+02 9.000E+00 6.818E+00 2.151E+02 5.541E+34     
 1.645E+01 0.000E+00 1.100E+02 7.000E+00 6.364E+00 2.469E+02 5.541E+34     
 1.669E+01 0.000E+00 1.040E+02 7.000E+00 6.731E+00 2.207E+02 5.541E+34     
 1.692E+01 0.000E+00 9.640E+01 6.500E+00 6.743E+00 2.200E+02 5.541E+34     
 1.871E+01 0.000E+00 5.480E+01 3.800E+00 6.934E+00 2.080E+02 5.541E+34     
 1.904E+01 0.000E+00 5.110E+01 3.700E+00 7.241E+00 1.907E+02 5.541E+34     
 1.927E+01 0.000E+00 4.850E+01 3.300E+00 6.804E+00 2.160E+02 5.541E+34     
 1.950E+01 0.000E+00 4.600E+01 3.200E+00 6.957E+00 2.066E+02 5.541E+34     
 1.973E+01 0.000E+00 4.730E+01 3.200E+00 6.765E+00 2.185E+02 5.541E+34     
 1.996E+01 0.000E+00 5.090E+01 3.500E+00 6.876E+00 2.115E+02 5.541E+34     

# Data set         :   3   xs100000.tot   
# Author           : Hershberger         
# Year             : 1980
# EXFOR subentry   : C0529002 
# Weight           :      1.00000
# Quality          :   
# energy     TALYS      exp       dexp  rel. unc. %   Chi2      C/E   include
 2.959E+00 0.000E+00 1.200E-01 4.056E-03 3.380E+00 8.753E+02 5.541E+34     
 2.996E+00 0.000E+00 1.400E-01 4.270E-03 3.050E+00 1.075E+03 5.541E+34     
 3.034E+00 0.000E+00 1.700E-01 5.100E-03 3.000E+00 1.111E+03 5.541E+34     
 3.072E+00 0.000E+00 2.000E-01 6.000E-03 3.000E+00 1.111E+03 5.541E+34     
 3.110E+00 0.000E+00 2.400E-01 7.200E-03 3.000E+00 1.111E+03 5.541E+34     
 3.148E+00 0.000E+00 2.600E-01 7.800E-03 3.000E+00 1.111E+03 5.541E+34     
 3.187E+00 0.000E+00 3.200E-01 9.600E-03 3.000E+00 1.111E+03 5.541E+34     
 3.226E+00 0.000E+00 3.700E-01 1.110E-02 3.000E+00 1.111E+03 5.541E+34     
 3.265E+00 0.000E+00 4.300E-01 1.290E-02 3.000E+00 1.111E+03 5.541E+34     
 3.304E+00 0.000E+00 4.800E-01 1.440E-02 3.000E+00 1.111E+03 5.541E+34     
 3.343E+00 0.000E+00 5.400E-01 1.620E-02 3.000E+00 1.111E+03 5.541E+34     
 3.383E+00 0.000E+00 6.100E-01 1.830E-02 3.000E+00 1.111E+03 5.541E+34     
 3.423E+00 0.000E+00 6.900E-01 2.070E-02 3.000E+00 1.111E+03 5.541E+34     
 3.463E+00 0.000E+00 8.100E-01 2.430E-02 3.000E+00 1.111E+03 5.541E+34     
 3.503E+00 0.000E+00 9.100E-01 2.730E-02 3.000E+00 1.111E+03 5.541E+34     
 3.544E+00 0.000E+00 1.010E+00 3.030E-02 3.000E+00 1.111E+03 5.541E+34     
 3.585E+00 0.000E+00 1.150E+00 3.450E-02 3.000E+00 1.111E+03 5.541E+34     
 3.626E+00 0.000E+00 1.310E+00 3.930E-02 3.000E+00 1.111E+03 5.541E+34     
 3.667E+00 0.000E+00 1.460E+00 4.380E-02 3.000E+00 1.111E+03 5.541E+34     
 3.708E+00 0.000E+00 1.620E+00 4.860E-02 3.000E+00 1.111E+03 5.541E+34     
 3.750E+00 0.000E+00 1.860E+00 5.580E-02 3.000E+00 1.111E+03 5.541E+34     
 3.792E+00 0.000E+00 2.020E+00 6.060E-02 3.000E+00 1.111E+03 5.541E+34     
 3.834E+00 0.000E+00 2.270E+00 6.810E-02 3.000E+00 1.111E+03 5.541E+34     
 3.877E+00 0.000E+00 2.550E+00 7.650E-02 3.000E+00 1.111E+03 5.541E+34     
 3.919E+00 0.000E+00 2.780E+00 8.340E-02 3.000E+00 1.111E+03 5.541E+34     
 3.962E+00 0.000E+00 3.190E+00 9.570E-02 3.000E+00 1.111E+03 5.541E+34     
 4.005E+00 0.000E+00 3.510E+00 1.053E-01 3.000E+00 1.111E+03 5.541E+34     
 4.049E+00 0.000E+00 3.860E+00 1.158E-01 3.000E+00 1.111E+03 5.541E+34     
 4.092E+00 0.000E+00 4.370E+00 1.311E-01 3.000E+00 1.111E+03 5.541E+34     
 4.136E+00 0.000E+00 4.690E+00 1.407E-01 3.000E+00 1.111E+03 5.541E+34     
 4.180E+00 0.000E+00 5.280E+00 1.584E-01 3.000E+00 1.111E+03 5.541E+34     
 4.224E+00 0.000E+00 5.700E+00 1.710E-01 3.000E+00 1.111E+03 5.541E+34     
 4.269E+00 0.000E+00 6.340E+00 1.902E-01 3.000E+00 1.111E+03 5.541E+34     
 4.314E+00 0.000E+00 6.820E+00 2.046E-01 3.000E+00 1.111E+03 5.541E+34     
 4.359E+00 0.000E+00 7.560E+00 2.268E-01 3.000E+00 1.111E+03 5.541E+34     
 4.404E+00 0.000E+00 8.130E+00 2.439E-01 3.000E+00 1.111E+03 5.541E+34     
 4.449E+00 0.000E+00 9.190E+00 2.757E-01 3.000E+00 1.111E+03 5.541E+34     
 4.495E+00 0.000E+00 9.830E+00 2.949E-01 3.000E+00 1.111E+03 5.541E+34     
 4.540E+00 0.000E+00 1.089E+01 3.267E-01 3.000E+00 1.111E+03 5.541E+34     
 4.587E+00 0.000E+00 1.170E+01 3.510E-01 3.000E+00 1.111E+03 5.541E+34     
 4.633E+00 0.000E+00 1.277E+01 3.831E-01 3.000E+00 1.111E+03 5.541E+34     
 4.679E+00 0.000E+00 1.403E+01 4.209E-01 3.000E+00 1.111E+03 5.541E+34     
 4.726E+00 0.000E+00 1.507E+01 4.521E-01 3.000E+00 1.111E+03 5.541E+34     
 4.773E+00 0.000E+00 1.624E+01 4.872E-01 3.000E+00 1.111E+03 5.541E+34     
 4.820E+00 0.000E+00 1.775E+01 5.325E-01 3.000E+00 1.111E+03 5.541E+34     
 4.868E+00 0.000E+00 1.940E+01 5.820E-01 3.000E+00 1.111E+03 5.541E+34     
 4.916E+00 0.000E+00 2.049E+01 6.147E-01 3.000E+00 1.111E+03 5.541E+34     
 4.963E+00 0.000E+00 2.235E+01 6.705E-01 3.000E+00 1.111E+03 5.541E+34     
 5.012E+00 0.000E+00 2.410E+01 7.230E-01 3.000E+00 1.111E+03 5.541E+34     
 5.060E+00 0.000E+00 2.568E+01 7.704E-01 3.000E+00 1.111E+03 5.541E+34     
 5.109E+00 0.000E+00 2.749E+01 8.247E-01 3.000E+00 1.111E+03 5.541E+34     
 5.157E+00 0.000E+00 2.941E+01 8.823E-01 3.000E+00 1.111E+03 5.541E+34     
 5.206E+00 0.000E+00 3.205E+01 9.615E-01 3.000E+00 1.111E+03 5.541E+34     
 5.256E+00 0.000E+00 3.418E+01 1.025E+00 3.000E+00 1.111E+03 5.541E+34     
 5.305E+00 0.000E+00 3.661E+01 1.098E+00 3.000E+00 1.111E+03 5.541E+34     
 5.355E+00 0.000E+00 3.885E+01 1.165E+00 3.000E+00 1.111E+03 5.541E+34     
 5.405E+00 0.000E+00 4.129E+01 1.239E+00 3.000E+00 1.111E+03 5.541E+34     
 5.455E+00 0.000E+00 4.416E+01 1.325E+00 3.000E+00 1.111E+03 5.541E+34     
 5.506E+00 0.000E+00 4.674E+01 1.402E+00 3.000E+00 1.111E+03 5.541E+34     
 5.556E+00 0.000E+00 4.958E+01 1.487E+00 3.000E+00 1.111E+03 5.541E+34     
 5.607E+00 0.000E+00 5.287E+01 1.586E+00 3.000E+00 1.111E+03 5.541E+34     
 5.658E+00 0.000E+00 5.602E+01 1.681E+00 3.000E+00 1.111E+03 5.541E+34     
 5.709E+00 0.000E+00 5.926E+01 1.778E+00 3.000E+00 1.111E+03 5.541E+34     
 5.761E+00 0.000E+00 6.274E+01 1.882E+00 3.000E+00 1.111E+03 5.541E+34     
 5.813E+00 0.000E+00 6.609E+01 1.983E+00 3.000E+00 1.111E+03 5.541E+34     
 5.865E+00 0.000E+00 7.041E+01 2.112E+00 3.000E+00 1.111E+03 5.541E+34     
 5.917E+00 0.000E+00 7.424E+01 2.227E+00 3.000E+00 1.111E+03 5.541E+34     
 5.970E+00 0.000E+00 7.848E+01 2.354E+00 3.000E+00 1.111E+03 5.541E+34     
 6.049E+00 0.000E+00 8.583E+01 2.575E+00 3.000E+00 1.111E+03 5.541E+34     
 6.107E+00 0.000E+00 9.644E+01 2.893E+00 3.000E+00 1.111E+03 5.541E+34     
 6.160E+00 0.000E+00 1.014E+02 3.041E+00 3.000E+00 1.111E+03 5.541E+34     
 6.203E+00 0.000E+00 1.000E+02 3.000E+00 3.000E+00 1.111E+03 5.541E+34     
 6.235E+00 0.000E+00 1.032E+02 3.095E+00 3.000E+00 1.111E+03 5.541E+34     
 6.311E+00 0.000E+00 1.125E+02 3.376E+00 3.000E+00 1.111E+03 5.541E+34     
 6.365E+00 0.000E+00 1.260E+02 3.780E+00 3.000E+00 1.111E+03 5.541E+34     
 6.419E+00 0.000E+00 1.586E+02 4.758E+00 3.000E+00 1.111E+03 5.541E+34     
 6.474E+00 0.000E+00 1.377E+02 4.131E+00 3.000E+00 1.111E+03 5.541E+34     
 6.529E+00 0.000E+00 1.426E+02 4.277E+00 3.000E+00 1.111E+03 5.541E+34     
 6.584E+00 0.000E+00 1.615E+02 4.844E+00 3.000E+00 1.111E+03 5.541E+34     
 6.639E+00 0.000E+00 1.676E+02 5.027E+00 3.000E+00 1.111E+03 5.541E+34     
 6.695E+00 0.000E+00 1.656E+02 4.969E+00 3.000E+00 1.111E+03 5.541E+34     
 6.750E+00 0.000E+00 1.767E+02 5.301E+00 3.000E+00 1.111E+03 5.541E+34     
 6.807E+00 0.000E+00 1.644E+02 4.931E+00 3.000E+00 1.111E+03 5.541E+34     
 6.874E+00 0.000E+00 1.675E+02 5.025E+00 3.000E+00 1.111E+03 5.541E+34     

# Data set         :   4   xs100000.tot   
# Author           : Wing                
# Year             : 1962
# EXFOR subentry   : T0124006 
# Weight           :      1.00000
# Quality          :   
# energy     TALYS      exp       dexp  rel. unc. %   Chi2      C/E   include
 3.200E+00 0.000E+00 4.989E-01 1.497E-02 3.000E+00 1.111E+03 5.541E+34     
 4.900E+00 0.000E+00 1.896E+01 5.688E-01 3.000E+00 1.111E+03 5.541E+34     
 5.000E+00 0.000E+00 2.395E+01 7.185E-01 3.000E+00 1.111E+03 5.541E+34     
 5.100E+00 0.000E+00 3.792E+01 5.987E+00 1.579E+01 4.011E+01 5.541E+34     
 6.000E+00 0.000E+00 9.779E+01 2.934E+00 3.000E+00 1.111E+03 5.541E+34     
 6.100E+00 0.000E+00 1.148E+02 3.443E+00 3.000E+00 1.111E+03 5.541E+34     
 6.400E+00 0.000E+00 1.327E+02 3.982E+00 3.000E+00 1.111E+03 5.541E+34     
 6.900E+00 0.000E+00 1.786E+02 5.359E+00 3.000E+00 1.111E+03 5.541E+34     
 7.100E+00 0.000E+00 2.086E+02 2.994E+01 1.435E+01 4.853E+01 5.541E+34     
 8.000E+00 0.000E+00 2.954E+02 8.861E+00 3.000E+00 1.111E+03 5.541E+34     
 8.100E+00 0.000E+00 3.233E+02 9.699E+00 3.000E+00 1.111E+03 5.541E+34     
 8.700E+00 0.000E+00 3.742E+02 1.123E+01 3.000E+00 1.111E+03 5.541E+34     
 8.900E+00 0.000E+00 4.171E+02 1.251E+01 3.000E+00 1.111E+03 5.541E+34     
 9.000E+00 0.000E+00 4.391E+02 1.317E+01 3.000E+00 1.111E+03 5.541E+34     
 9.000E+00 0.000E+00 4.201E+02 1.260E+01 3.000E+00 1.111E+03 5.541E+34     
 9.450E+00 0.000E+00 4.880E+02 1.464E+01 3.000E+00 1.111E+03 5.541E+34     
 9.850E+00 0.000E+00 5.199E+02 1.560E+01 3.000E+00 1.111E+03 5.541E+34     
 1.016E+01 0.000E+00 5.199E+02 6.586E+01 1.267E+01 6.231E+01 5.541E+34     
 1.033E+01 0.000E+00 5.608E+02 1.682E+01 3.000E+00 1.111E+03 5.541E+34     
 1.035E+01 0.000E+00 5.748E+02 1.724E+01 3.000E+00 1.111E+03 5.541E+34     
 1.043E+01 0.000E+00 5.887E+02 1.766E+01 3.000E+00 1.111E+03 5.541E+34     
 1.045E+01 0.000E+00 5.877E+02 1.763E+01 3.000E+00 1.111E+03 5.541E+34     
 1.050E+01 0.000E+00 5.798E+02 1.739E+01 3.000E+00 1.111E+03 5.541E+34     

# Channel          : xs100000.tot   
# Frms limit       : 1.000E+30
# Chi2 limit       : 1.000E+30
# Fracmax          : 3.000E-02
# xs (mb) limit    : 1.000E-01

# Data set         :   1   xs100000.tot   
# Author           : Blaser              
# Year             : 1951
# EXFOR subentry   : B0048007 
# Weight           :      0.00000
# Quality          :   
# energy     TALYS      exp       dexp  rel. unc. %   Chi2      C/E   include
 3.310E+00 0.000E+00 6.900E-01 2.070E-02 3.000E+00 1.111E+03 5.541E+34     
 3.840E+00 0.000E+00 3.100E+00 9.300E-02 3.000E+00 1.111E+03 5.541E+34     
 4.080E+00 0.000E+00 5.300E+00 1.590E-01 3.000E+00 1.111E+03 5.541E+34     
 4.270E+00 0.000E+00 8.200E+00 2.460E-01 3.000E+00 1.111E+03 5.541E+34     
 4.380E+00 0.000E+00 1.000E+01 3.000E-01 3.000E+00 1.111E+03 5.541E+34     
 4.480E+00 0.000E+00 1.200E+01 3.600E-01 3.000E+00 1.111E+03 5.541E+34     
 4.590E+00 0.000E+00 1.500E+01 4.500E-01 3.000E+00 1.111E+03 5.541E+34     
 4.690E+00 0.000E+00 1.800E+01 5.400E-01 3.000E+00 1.111E+03 5.541E+34     
 4.790E+00 0.000E+00 2.000E+01 6.000E-01 3.000E+00 1.111E+03 5.541E+34     
 5.010E+00 0.000E+00 2.700E+01 8.100E-01 3.000E+00 1.111E+03 5.541E+34     
 5.180E+00 0.000E+00 3.400E+01 1.020E+00 3.000E+00 1.111E+03 5.541E+34     
 5.360E+00 0.000E+00 4.200E+01 1.260E+00 3.000E+00 1.111E+03 5.541E+34     
 5.540E+00 0.000E+00 5.100E+01 1.530E+00 3.000E+00 1.111E+03 5.541E+34     
 5.720E+00 0.000E+00 6.100E+01 1.830E+00 3.000E+00 1.111E+03 5.541E+34     
 5.900E+00 0.000E+00 7.200E+01 2.160E+00 3.000E+00 1.111E+03 5.541E+34     
 6.080E+00 0.000E+00 8.600E+01 2.580E+00 3.000E+00 1.111E+03 5.541E+34     
 6.240E+00 0.000E+00 1.000E+02 3.000E+00 3.000E+00 1.111E+03 5.541E+34     
 6.400E+00 0.000E+00 1.200E+02 3.600E+00 3.000E+00 1.111E+03 5.541E+34     

# Data set         :   2   xs100000.tot   
# Author           : Colle               
# Year             : 1974
# EXFOR subentry   : B0057004 
# Weight           :      1.00000
# Quality          :   
# energy     TALYS      exp       dexp  rel. unc. %   Chi2      C/E   include
 2.510E+00 0.000E+00 1.900E-02 2.000E-03 1.053E+01 9.025E+01 5.541E+34     
 3.120E+00 0.000E+00 5.200E-01 4.000E-02 7.692E+00 1.690E+02 5.541E+34     
 3.650E+00 0.000E+00 1.820E+00 1.300E-01 7.143E+00 1.960E+02 5.541E+34     
 3.840E+00 0.000E+00 2.520E+00 1.700E-01 6.746E+00 2.197E+02 5.541E+34     
 4.160E+00 0.000E+00 5.160E+00 3.500E-01 6.783E+00 2.174E+02 5.541E+34     
 4.940E+00 0.000E+00 2.440E+01 1.600E+00 6.557E+00 2.326E+02 5.541E+34     
 6.060E+00 0.000E+00 1.010E+02 7.000E+00 6.931E+00 2.082E+02 5.541E+34     
 7.200E+00 0.000E+00 2.160E+02 1.500E+01 6.944E+00 2.074E+02 5.541E+34     
 8.170E+00 0.000E+00 3.310E+02 2.000E+01 6.042E+00 2.739E+02 5.541E+34     
 9.180E+00 0.000E+00 5.210E+02 3.600E+01 6.910E+00 2.094E+02 5.541E+34     
 9.350E+00 0.000E+00 4.950E+02 4.700E+01 9.495E+00 1.109E+02 5.541E+34     
 1.030E+01 0.000E+00 6.060E+02 4.100E+01 6.766E+00 2.185E+02 5.541E+34     
 1.031E+01 0.000E+00 6.440E+02 5.500E+01 8.540E+00 1.371E+02 5.541E+34     
 1.133E+01 0.000E+00 6.640E+02 4.600E+01 6.928E+00 2.084E+02 5.541E+34     
 1.134E+01 0.000E+00 6.800E+02 4.700E+01 6.912E+00 2.093E+02 5.541E+34     
 1.229E+01 0.000E+00 5.480E+02 3.700E+01 6.752E+00 2.194E+02 5.541E+34     
 1.243E+01 0.000E+00 4.960E+02 3.300E+01 6.653E+00 2.259E+02 5.541E+34     
 1.258E+01 0.000E+00 4.910E+02 3.400E+01 6.925E+00 2.085E+02 5.541E+34     
 1.262E+01 0.000E+00 5.180E+02 3.500E+01 6.757E+00 2.190E+02 5.541E+34     
 1.295E+01 0.000E+00 4.600E+02 3.100E+01 6.739E+00 2.202E+02 5.541E+34     
 1.299E+01 0.000E+00 4.490E+02 3.100E+01 6.904E+00 2.098E+02 5.541E+34     
 1.327E+01 0.000E+00 3.860E+02 2.600E+01 6.736E+00 2.204E+02 5.541E+34     
 1.327E+01 0.000E+00 4.020E+02 2.800E+01 6.965E+00 2.061E+02 5.541E+34     
 1.344E+01 0.000E+00 3.690E+02 3.600E+01 9.756E+00 1.051E+02 5.541E+34     
 1.344E+01 0.000E+00 3.730E+02 2.500E+01 6.702E+00 2.226E+02 5.541E+34     
 1.346E+01 0.000E+00 3.900E+02 2.600E+01 6.667E+00 2.250E+02 5.541E+34     
 1.358E+01 0.000E+00 3.700E+02 2.500E+01 6.757E+00 2.190E+02 5.541E+34     
 1.399E+01 0.000E+00 3.140E+02 2.100E+01 6.688E+00 2.236E+02 5.541E+34     
 1.439E+01 0.000E+00 2.670E+02 1.800E+01 6.742E+00 2.200E+02 5.541E+34     
 1.559E+01 0.000E+00 1.540E+02 1.100E+01 7.143E+00 1.960E+02 5.541E+34     
 1.595E+01 0.000E+00 1.440E+02 1.000E+01 6.944E+00 2.074E+02 5.541E+34     
 1.619E+01 0.000E+00 1.320E+02 9.000E+00 6.818E+00 2.151E+02 5.541E+34     
 1.645E+01 0.000E+00 1.100E+02 7.000E+00 6.364E+00 2.469E+02 5.541E+34     
 1.669E+01 0.000E+00 1.040E+02 7.000E+00 6.731E+00 2.207E+02 5.541E+34     
 1.692E+01 0.000E+00 9.640E+01 6.500E+00 6.743E+00 2.200E+02 5.541E+34     
 1.871E+01 0.000E+00 5.480E+01 3.800E+00 6.934E+00 2.080E+02 5.541E+34     
 1.904E+01 0.000E+00 5.110E+01 3.700E+00 7.241E+00 1.907E+02 5.541E+34     
 1.927E+01 0.000E+00 4.850E+01 3.300E+00 6.804E+00 2.160E+02 5.541E+34     
 1.950E+01 0.000E+00 4.600E+01 3.200E+00 6.957E+00 2.066E+02 5.541E+34     
 1.973E+01 0.000E+00 4.730E+01 3.200E+00 6.765E+00 2.185E+02 5.541E+34     
 1.996E+01 0.000E+00 5.090E+01 3.500E+00 6.876E+00 2.115E+02 5.541E+34     

# Data set         :   3   xs100000.tot   
# Author           : Hershberger         
# Year             : 1980
# EXFOR subentry   : C0529002 
# Weight           :      1.00000
# Quality          :   
# energy     TALYS      exp       dexp  rel. unc. %   Chi2      C/E   include
 2.959E+00 0.000E+00 1.200E-01 4.056E-03 3.380E+00 8.753E+02 5.541E+34     
 2.996E+00 0.000E+00 1.400E-01 4.270E-03 3.050E+00 1.075E+03 5.541E+34     
 3.034E+00 0.000E+00 1.700E-01 5.100E-03 3.000E+00 1.111E+03 5.541E+34     
 3.072E+00 0.000E+00 2.000E-01 6.000E-03 3.000E+00 1.111E+03 5.541E+34     
 3.110E+00 0.000E+00 2.400E-01 7.200E-03 3.000E+00 1.111E+03 5.541E+34     
 3.148E+00 0.000E+00 2.600E-01 7.800E-03 3.000E+00 1.111E+03 5.541E+34     
 3.187E+00 0.000E+00 3.200E-01 9.600E-03 3.000E+00 1.111E+03 5.541E+34     
 3.226E+00 0.000E+00 3.700E-01 1.110E-02 3.000E+00 1.111E+03 5.541E+34     
 3.265E+00 0.000E+00 4.300E-01 1.290E-02 3.000E+00 1.111E+03 5.541E+34     
 3.304E+00 0.000E+00 4.800E-01 1.440E-02 3.000E+00 1.111E+03 5.541E+34     
 3.343E+00 0.000E+00 5.400E-01 1.620E-02 3.000E+00 1.111E+03 5.541E+34     
 3.383E+00 0.000E+00 6.100E-01 1.830E-02 3.000E+00 1.111E+03 5.541E+34     
 3.423E+00 0.000E+00 6.900E-01 2.070E-02 3.000E+00 1.111E+03 5.541E+34     
 3.463E+00 0.000E+00 8.100E-01 2.430E-02 3.000E+00 1.111E+03 5.541E+34     
 3.503E+00 0.000E+00 9.100E-01 2.730E-02 3.000E+00 1.111E+03 5.541E+34     
 3.544E+00 0.000E+00 1.010E+00 3.030E-02 3.000E+00 1.111E+03 5.541E+34     
 3.585E+00 0.000E+00 1.150E+00 3.450E-02 3.000E+00 1.111E+03 5.541E+34     
 3.626E+00 0.000E+00 1.310E+00 3.930E-02 3.000E+00 1.111E+03 5.541E+34     
 3.667E+00 0.000E+00 1.460E+00 4.380E-02 3.000E+00 1.111E+03 5.541E+34     
 3.708E+00 0.000E+00 1.620E+00 4.860E-02 3.000E+00 1.111E+03 5.541E+34     
 3.750E+00 0.000E+00 1.860E+00 5.580E-02 3.000E+00 1.111E+03 5.541E+34     
 3.792E+00 0.000E+00 2.020E+00 6.060E-02 3.000E+00 1.111E+03 5.541E+34     
 3.834E+00 0.000E+00 2.270E+00 6.810E-02 3.000E+00 1.111E+03 5.541E+34     
 3.877E+00 0.000E+00 2.550E+00 7.650E-02 3.000E+00 1.111E+03 5.541E+34     
 3.919E+00 0.000E+00 2.780E+00 8.340E-02 3.000E+00 1.111E+03 5.541E+34     
 3.962E+00 0.000E+00 3.190E+00 9.570E-02 3.000E+00 1.111E+03 5.541E+34     
 4.005E+00 0.000E+00 3.510E+00 1.053E-01 3.000E+00 1.111E+03 5.541E+34     
 4.049E+00 0.000E+00 3.860E+00 1.158E-01 3.000E+00 1.111E+03 5.541E+34     
 4.092E+00 0.000E+00 4.370E+00 1.311E-01 3.000E+00 1.111E+03 5.541E+34     
 4.136E+00 0.000E+00 4.690E+00 1.407E-01 3.000E+00 1.111E+03 5.541E+34     
 4.180E+00 0.000E+00 5.280E+00 1.584E-01 3.000E+00 1.111E+03 5.541E+34     
 4.224E+00 0.000E+00 5.700E+00 1.710E-01 3.000E+00 1.111E+03 5.541E+34     
 4.269E+00 0.000E+00 6.340E+00 1.902E-01 3.000E+00 1.111E+03 5.541E+34     
 4.314E+00 0.000E+00 6.820E+00 2.046E-01 3.000E+00 1.111E+03 5.541E+34     
 4.359E+00 0.000E+00 7.560E+00 2.268E-01 3.000E+00 1.111E+03 5.541E+34     
 4.404E+00 0.000E+00 8.130E+00 2.439E-01 3.000E+00 1.111E+03 5.541E+34     
 4.449E+00 0.000E+00 9.190E+00 2.757E-01 3.000E+00 1.111E+03 5.541E+34     
 4.495E+00 0.000E+00 9.830E+00 2.949E-01 3.000E+00 1.111E+03 5.541E+34     
 4.540E+00 0.000E+00 1.089E+01 3.267E-01 3.000E+00 1.111E+03 5.541E+34     
 4.587E+00 0.000E+00 1.170E+01 3.510E-01 3.000E+00 1.111E+03 5.541E+34     
 4.633E+00 0.000E+00 1.277E+01 3.831E-01 3.000E+00 1.111E+03 5.541E+34     
 4.679E+00 0.000E+00 1.403E+01 4.209E-01 3.000E+00 1.111E+03 5.541E+34     
 4.726E+00 0.000E+00 1.507E+01 4.521E-01 3.000E+00 1.111E+03 5.541E+34     
 4.773E+00 0.000E+00 1.624E+01 4.872E-01 3.000E+00 1.111E+03 5.541E+34     
 4.820E+00 0.000E+00 1.775E+01 5.325E-01 3.000E+00 1.111E+03 5.541E+34     
 4.868E+00 0.000E+00 1.940E+01 5.820E-01 3.000E+00 1.111E+03 5.541E+34     
 4.916E+00 0.000E+00 2.049E+01 6.147E-01 3.000E+00 1.111E+03 5.541E+34     
 4.963E+00 0.000E+00 2.235E+01 6.705E-01 3.000E+00 1.111E+03 5.541E+34     
 5.012E+00 0.000E+00 2.410E+01 7.230E-01 3.000E+00 1.111E+03 5.541E+34     
 5.060E+00 0.000E+00 2.568E+01 7.704E-01 3.000E+00 1.111E+03 5.541E+34     
 5.109E+00 0.000E+00 2.749E+01 8.247E-01 3.000E+00 1.111E+03 5.541E+34     
 5.157E+00 0.000E+00 2.941E+01 8.823E-01 3.000E+00 1.111E+03 5.541E+34     
 5.206E+00 0.000E+00 3.205E+01 9.615E-01 3.000E+00 1.111E+03 5.541E+34     
 5.256E+00 0.000E+00 3.418E+01 1.025E+00 3.000E+00 1.111E+03 5.541E+34     
 5.305E+00 0.000E+00 3.661E+01 1.098E+00 3.000E+00 1.111E+03 5.541E+34     
 5.355E+00 0.000E+00 3.885E+01 1.165E+00 3.000E+00 1.111E+03 5.541E+34     
 5.405E+00 0.000E+00 4.129E+01 1.239E+00 3.000E+00 1.111E+03 5.541E+34     
 5.455E+00 0.000E+00 4.416E+01 1.325E+00 3.000E+00 1.111E+03 5.541E+34     
 5.506E+00 0.000E+00 4.674E+01 1.402E+00 3.000E+00 1.111E+03 5.541E+34     
 5.556E+00 0.000E+00 4.958E+01 1.487E+00 3.000E+00 1.111E+03 5.541E+34     
 5.607E+00 0.000E+00 5.287E+01 1.586E+00 3.000E+00 1.111E+03 5.541E+34     
 5.658E+00 0.000E+00 5.602E+01 1.681E+00 3.000E+00 1.111E+03 5.541E+34     
 5.709E+00 0.000E+00 5.926E+01 1.778E+00 3.000E+00 1.111E+03 5.541E+34     
 5.761E+00 0.000E+00 6.274E+01 1.882E+00 3.000E+00 1.111E+03 5.541E+34     
 5.813E+00 0.000E+00 6.609E+01 1.983E+00 3.000E+00 1.111E+03 5.541E+34     
 5.865E+00 0.000E+00 7.041E+01 2.112E+00 3.000E+00 1.111E+03 5.541E+34     
 5.917E+00 0.000E+00 7.424E+01 2.227E+00 3.000E+00 1.111E+03 5.541E+34     
 5.970E+00 0.000E+00 7.848E+01 2.354E+00 3.000E+00 1.111E+03 5.541E+34     
 6.049E+00 0.000E+00 8.583E+01 2.575E+00 3.000E+00 1.111E+03 5.541E+34     
 6.107E+00 0.000E+00 9.644E+01 2.893E+00 3.000E+00 1.111E+03 5.541E+34     
 6.160E+00 0.000E+00 1.014E+02 3.041E+00 3.000E+00 1.111E+03 5.541E+34     
 6.203E+00 0.000E+00 1.000E+02 3.000E+00 3.000E+00 1.111E+03 5.541E+34     
 6.235E+00 0.000E+00 1.032E+02 3.095E+00 3.000E+00 1.111E+03 5.541E+34     
 6.311E+00 0.000E+00 1.125E+02 3.376E+00 3.000E+00 1.111E+03 5.541E+34     
 6.365E+00 0.000E+00 1.260E+02 3.780E+00 3.000E+00 1.111E+03 5.541E+34     
 6.419E+00 0.000E+00 1.586E+02 4.758E+00 3.000E+00 1.111E+03 5.541E+34     
 6.474E+00 0.000E+00 1.377E+02 4.131E+00 3.000E+00 1.111E+03 5.541E+34     
 6.529E+00 0.000E+00 1.426E+02 4.277E+00 3.000E+00 1.111E+03 5.541E+34     
 6.584E+00 0.000E+00 1.615E+02 4.844E+00 3.000E+00 1.111E+03 5.541E+34     
 6.639E+00 0.000E+00 1.676E+02 5.027E+00 3.000E+00 1.111E+03 5.541E+34     
 6.695E+00 0.000E+00 1.656E+02 4.969E+00 3.000E+00 1.111E+03 5.541E+34     
 6.750E+00 0.000E+00 1.767E+02 5.301E+00 3.000E+00 1.111E+03 5.541E+34     
 6.807E+00 0.000E+00 1.644E+02 4.931E+00 3.000E+00 1.111E+03 5.541E+34     
 6.874E+00 0.000E+00 1.675E+02 5.025E+00 3.000E+00 1.111E+03 5.541E+34     

# Data set         :   4   xs100000.tot   
# Author           : Wing                
# Year             : 1962
# EXFOR subentry   : T0124006 
# Weight           :      1.00000
# Quality          :   
# energy     TALYS      exp       dexp  rel. unc. %   Chi2      C/E   include
 3.200E+00 0.000E+00 4.989E-01 1.497E-02 3.000E+00 1.111E+03 5.541E+34     
 4.900E+00 0.000E+00 1.896E+01 5.688E-01 3.000E+00 1.111E+03 5.541E+34     
 5.000E+00 0.000E+00 2.395E+01 7.185E-01 3.000E+00 1.111E+03 5.541E+34     
 5.100E+00 0.000E+00 3.792E+01 5.987E+00 1.579E+01 4.011E+01 5.541E+34     
 6.000E+00 0.000E+00 9.779E+01 2.934E+00 3.000E+00 1.111E+03 5.541E+34     
 6.100E+00 0.000E+00 1.148E+02 3.443E+00 3.000E+00 1.111E+03 5.541E+34     
 6.400E+00 0.000E+00 1.327E+02 3.982E+00 3.000E+00 1.111E+03 5.541E+34     
 6.900E+00 0.000E+00 1.786E+02 5.359E+00 3.000E+00 1.111E+03 5.541E+34     
 7.100E+00 0.000E+00 2.086E+02 2.994E+01 1.435E+01 4.853E+01 5.541E+34     
 8.000E+00 0.000E+00 2.954E+02 8.861E+00 3.000E+00 1.111E+03 5.541E+34     
 8.100E+00 0.000E+00 3.233E+02 9.699E+00 3.000E+00 1.111E+03 5.541E+34     
 8.700E+00 0.000E+00 3.742E+02 1.123E+01 3.000E+00 1.111E+03 5.541E+34     
 8.900E+00 0.000E+00 4.171E+02 1.251E+01 3.000E+00 1.111E+03 5.541E+34     
 9.000E+00 0.000E+00 4.391E+02 1.317E+01 3.000E+00 1.111E+03 5.541E+34     
 9.000E+00 0.000E+00 4.201E+02 1.260E+01 3.000E+00 1.111E+03 5.541E+34     
 9.450E+00 0.000E+00 4.880E+02 1.464E+01 3.000E+00 1.111E+03 5.541E+34     
 9.850E+00 0.000E+00 5.199E+02 1.560E+01 3.000E+00 1.111E+03 5.541E+34     
 1.016E+01 0.000E+00 5.199E+02 6.586E+01 1.267E+01 6.231E+01 5.541E+34     
 1.033E+01 0.000E+00 5.608E+02 1.682E+01 3.000E+00 1.111E+03 5.541E+34     
 1.035E+01 0.000E+00 5.748E+02 1.724E+01 3.000E+00 1.111E+03 5.541E+34     
 1.043E+01 0.000E+00 5.887E+02 1.766E+01 3.000E+00 1.111E+03 5.541E+34     
 1.045E+01 0.000E+00 5.877E+02 1.763E+01 3.000E+00 1.111E+03 5.541E+34     
 1.050E+01 0.000E+00 5.798E+02 1.739E+01 3.000E+00 1.111E+03 5.541E+34     

# Channel          : xs100000.tot   
# Frms limit       : 1.000E+30
# Chi2 limit       : 1.000E+30
# Fracmax          : 3.000E-02
# xs (mb) limit    : 1.000E-01

# Data set         :   1   xs100000.tot   
# Author           : Blaser              
# Year             : 1951
# EXFOR subentry   : B0048007 
# Weight           :      0.00000
# Quality          :   
# energy     TALYS      exp       dexp  rel. unc. %   Chi2      C/E   include
 3.310E+00 0.000E+00 6.900E-01 2.070E-02 3.000E+00 1.111E+03 5.541E+34     
 3.840E+00 0.000E+00 3.100E+00 9.300E-02 3.000E+00 1.111E+03 5.541E+34     
 4.080E+00 0.000E+00 5.300E+00 1.590E-01 3.000E+00 1.111E+03 5.541E+34     
 4.270E+00 0.000E+00 8.200E+00 2.460E-01 3.000E+00 1.111E+03 5.541E+34     
 4.380E+00 0.000E+00 1.000E+01 3.000E-01 3.000E+00 1.111E+03 5.541E+34     
 4.480E+00 0.000E+00 1.200E+01 3.600E-01 3.000E+00 1.111E+03 5.541E+34     
 4.590E+00 0.000E+00 1.500E+01 4.500E-01 3.000E+00 1.111E+03 5.541E+34     
 4.690E+00 0.000E+00 1.800E+01 5.400E-01 3.000E+00 1.111E+03 5.541E+34     
 4.790E+00 0.000E+00 2.000E+01 6.000E-01 3.000E+00 1.111E+03 5.541E+34     
 5.010E+00 0.000E+00 2.700E+01 8.100E-01 3.000E+00 1.111E+03 5.541E+34     
 5.180E+00 0.000E+00 3.400E+01 1.020E+00 3.000E+00 1.111E+03 5.541E+34     
 5.360E+00 0.000E+00 4.200E+01 1.260E+00 3.000E+00 1.111E+03 5.541E+34     
 5.540E+00 0.000E+00 5.100E+01 1.530E+00 3.000E+00 1.111E+03 5.541E+34     
 5.720E+00 0.000E+00 6.100E+01 1.830E+00 3.000E+00 1.111E+03 5.541E+34     
 5.900E+00 0.000E+00 7.200E+01 2.160E+00 3.000E+00 1.111E+03 5.541E+34     
 6.080E+00 0.000E+00 8.600E+01 2.580E+00 3.000E+00 1.111E+03 5.541E+34     
 6.240E+00 0.000E+00 1.000E+02 3.000E+00 3.000E+00 1.111E+03 5.541E+34     
 6.400E+00 0.000E+00 1.200E+02 3.600E+00 3.000E+00 1.111E+03 5.541E+34     

# Data set         :   2   xs100000.tot   
# Author           : Colle               
# Year             : 1974
# EXFOR subentry   : B0057004 
# Weight           :      1.00000
# Quality          :   
# energy     TALYS      exp       dexp  rel. unc. %   Chi2      C/E   include
 2.510E+00 0.000E+00 1.900E-02 2.000E-03 1.053E+01 9.025E+01 5.541E+34     
 3.120E+00 0.000E+00 5.200E-01 4.000E-02 7.692E+00 1.690E+02 5.541E+34     
 3.650E+00 0.000E+00 1.820E+00 1.300E-01 7.143E+00 1.960E+02 5.541E+34     
 3.840E+00 0.000E+00 2.520E+00 1.700E-01 6.746E+00 2.197E+02 5.541E+34     
 4.160E+00 0.000E+00 5.160E+00 3.500E-01 6.783E+00 2.174E+02 5.541E+34     
 4.940E+00 0.000E+00 2.440E+01 1.600E+00 6.557E+00 2.326E+02 5.541E+34     
 6.060E+00 0.000E+00 1.010E+02 7.000E+00 6.931E+00 2.082E+02 5.541E+34     
 7.200E+00 0.000E+00 2.160E+02 1.500E+01 6.944E+00 2.074E+02 5.541E+34     
 8.170E+00 0.000E+00 3.310E+02 2.000E+01 6.042E+00 2.739E+02 5.541E+34     
 9.180E+00 0.000E+00 5.210E+02 3.600E+01 6.910E+00 2.094E+02 5.541E+34     
 9.350E+00 0.000E+00 4.950E+02 4.700E+01 9.495E+00 1.109E+02 5.541E+34     
 1.030E+01 0.000E+00 6.060E+02 4.100E+01 6.766E+00 2.185E+02 5.541E+34     
 1.031E+01 0.000E+00 6.440E+02 5.500E+01 8.540E+00 1.371E+02 5.541E+34     
 1.133E+01 0.000E+00 6.640E+02 4.600E+01 6.928E+00 2.084E+02 5.541E+34     
 1.134E+01 0.000E+00 6.800E+02 4.700E+01 6.912E+00 2.093E+02 5.541E+34     
 1.229E+01 0.000E+00 5.480E+02 3.700E+01 6.752E+00 2.194E+02 5.541E+34     
 1.243E+01 0.000E+00 4.960E+02 3.300E+01 6.653E+00 2.259E+02 5.541E+34     
 1.258E+01 0.000E+00 4.910E+02 3.400E+01 6.925E+00 2.085E+02 5.541E+34     
 1.262E+01 0.000E+00 5.180E+02 3.500E+01 6.757E+00 2.190E+02 5.541E+34     
 1.295E+01 0.000E+00 4.600E+02 3.100E+01 6.739E+00 2.202E+02 5.541E+34     
 1.299E+01 0.000E+00 4.490E+02 3.100E+01 6.904E+00 2.098E+02 5.541E+34     
 1.327E+01 0.000E+00 3.860E+02 2.600E+01 6.736E+00 2.204E+02 5.541E+34     
 1.327E+01 0.000E+00 4.020E+02 2.800E+01 6.965E+00 2.061E+02 5.541E+34     
 1.344E+01 0.000E+00 3.690E+02 3.600E+01 9.756E+00 1.051E+02 5.541E+34     
 1.344E+01 0.000E+00 3.730E+02 2.500E+01 6.702E+00 2.226E+02 5.541E+34     
 1.346E+01 0.000E+00 3.900E+02 2.600E+01 6.667E+00 2.250E+02 5.541E+34     
 1.358E+01 0.000E+00 3.700E+02 2.500E+01 6.757E+00 2.190E+02 5.541E+34     
 1.399E+01 0.000E+00 3.140E+02 2.100E+01 6.688E+00 2.236E+02 5.541E+34     
 1.439E+01 0.000E+00 2.670E+02 1.800E+01 6.742E+00 2.200E+02 5.541E+34     
 1.559E+01 0.000E+00 1.540E+02 1.100E+01 7.143E+00 1.960E+02 5.541E+34     
 1.595E+01 0.000E+00 1.440E+02 1.000E+01 6.944E+00 2.074E+02 5.541E+34     
 1.619E+01 0.000E+00 1.320E+02 9.000E+00 6.818E+00 2.151E+02 5.541E+34     
 1.645E+01 0.000E+00 1.100E+02 7.000E+00 6.364E+00 2.469E+02 5.541E+34     
 1.669E+01 0.000E+00 1.040E+02 7.000E+00 6.731E+00 2.207E+02 5.541E+34     
 1.692E+01 0.000E+00 9.640E+01 6.500E+00 6.743E+00 2.200E+02 5.541E+34     
 1.871E+01 0.000E+00 5.480E+01 3.800E+00 6.934E+00 2.080E+02 5.541E+34     
 1.904E+01 0.000E+00 5.110E+01 3.700E+00 7.241E+00 1.907E+02 5.541E+34     
 1.927E+01 0.000E+00 4.850E+01 3.300E+00 6.804E+00 2.160E+02 5.541E+34     
 1.950E+01 0.000E+00 4.600E+01 3.200E+00 6.957E+00 2.066E+02 5.541E+34     
 1.973E+01 0.000E+00 4.730E+01 3.200E+00 6.765E+00 2.185E+02 5.541E+34     
 1.996E+01 0.000E+00 5.090E+01 3.500E+00 6.876E+00 2.115E+02 5.541E+34     

# Data set         :   3   xs100000.tot   
# Author           : Hershberger         
# Year             : 1980
# EXFOR subentry   : C0529002 
# Weight           :      1.00000
# Quality          :   
# energy     TALYS      exp       dexp  rel. unc. %   Chi2      C/E   include
 2.959E+00 0.000E+00 1.200E-01 4.056E-03 3.380E+00 8.753E+02 5.541E+34     
 2.996E+00 0.000E+00 1.400E-01 4.270E-03 3.050E+00 1.075E+03 5.541E+34     
 3.034E+00 0.000E+00 1.700E-01 5.100E-03 3.000E+00 1.111E+03 5.541E+34     
 3.072E+00 0.000E+00 2.000E-01 6.000E-03 3.000E+00 1.111E+03 5.541E+34     
 3.110E+00 0.000E+00 2.400E-01 7.200E-03 3.000E+00 1.111E+03 5.541E+34     
 3.148E+00 0.000E+00 2.600E-01 7.800E-03 3.000E+00 1.111E+03 5.541E+34     
 3.187E+00 0.000E+00 3.200E-01 9.600E-03 3.000E+00 1.111E+03 5.541E+34     
 3.226E+00 0.000E+00 3.700E-01 1.110E-02 3.000E+00 1.111E+03 5.541E+34     
 3.265E+00 0.000E+00 4.300E-01 1.290E-02 3.000E+00 1.111E+03 5.541E+34     
 3.304E+00 0.000E+00 4.800E-01 1.440E-02 3.000E+00 1.111E+03 5.541E+34     
 3.343E+00 0.000E+00 5.400E-01 1.620E-02 3.000E+00 1.111E+03 5.541E+34     
 3.383E+00 0.000E+00 6.100E-01 1.830E-02 3.000E+00 1.111E+03 5.541E+34     
 3.423E+00 0.000E+00 6.900E-01 2.070E-02 3.000E+00 1.111E+03 5.541E+34     
 3.463E+00 0.000E+00 8.100E-01 2.430E-02 3.000E+00 1.111E+03 5.541E+34     
 3.503E+00 0.000E+00 9.100E-01 2.730E-02 3.000E+00 1.111E+03 5.541E+34     
 3.544E+00 0.000E+00 1.010E+00 3.030E-02 3.000E+00 1.111E+03 5.541E+34     
 3.585E+00 0.000E+00 1.150E+00 3.450E-02 3.000E+00 1.111E+03 5.541E+34     
 3.626E+00 0.000E+00 1.310E+00 3.930E-02 3.000E+00 1.111E+03 5.541E+34     
 3.667E+00 0.000E+00 1.460E+00 4.380E-02 3.000E+00 1.111E+03 5.541E+34     
 3.708E+00 0.000E+00 1.620E+00 4.860E-02 3.000E+00 1.111E+03 5.541E+34     
 3.750E+00 0.000E+00 1.860E+00 5.580E-02 3.000E+00 1.111E+03 5.541E+34     
 3.792E+00 0.000E+00 2.020E+00 6.060E-02 3.000E+00 1.111E+03 5.541E+34     
 3.834E+00 0.000E+00 2.270E+00 6.810E-02 3.000E+00 1.111E+03 5.541E+34     
 3.877E+00 0.000E+00 2.550E+00 7.650E-02 3.000E+00 1.111E+03 5.541E+34     
 3.919E+00 0.000E+00 2.780E+00 8.340E-02 3.000E+00 1.111E+03 5.541E+34     
 3.962E+00 0.000E+00 3.190E+00 9.570E-02 3.000E+00 1.111E+03 5.541E+34     
 4.005E+00 0.000E+00 3.510E+00 1.053E-01 3.000E+00 1.111E+03 5.541E+34     
 4.049E+00 0.000E+00 3.860E+00 1.158E-01 3.000E+00 1.111E+03 5.541E+34     
 4.092E+00 0.000E+00 4.370E+00 1.311E-01 3.000E+00 1.111E+03 5.541E+34     
 4.136E+00 0.000E+00 4.690E+00 1.407E-01 3.000E+00 1.111E+03 5.541E+34     
 4.180E+00 0.000E+00 5.280E+00 1.584E-01 3.000E+00 1.111E+03 5.541E+34     
 4.224E+00 0.000E+00 5.700E+00 1.710E-01 3.000E+00 1.111E+03 5.541E+34     
 4.269E+00 0.000E+00 6.340E+00 1.902E-01 3.000E+00 1.111E+03 5.541E+34     
 4.314E+00 0.000E+00 6.820E+00 2.046E-01 3.000E+00 1.111E+03 5.541E+34     
 4.359E+00 0.000E+00 7.560E+00 2.268E-01 3.000E+00 1.111E+03 5.541E+34     
 4.404E+00 0.000E+00 8.130E+00 2.439E-01 3.000E+00 1.111E+03 5.541E+34     
 4.449E+00 0.000E+00 9.190E+00 2.757E-01 3.000E+00 1.111E+03 5.541E+34     
 4.495E+00 0.000E+00 9.830E+00 2.949E-01 3.000E+00 1.111E+03 5.541E+34     
 4.540E+00 0.000E+00 1.089E+01 3.267E-01 3.000E+00 1.111E+03 5.541E+34     
 4.587E+00 0.000E+00 1.170E+01 3.510E-01 3.000E+00 1.111E+03 5.541E+34     
 4.633E+00 0.000E+00 1.277E+01 3.831E-01 3.000E+00 1.111E+03 5.541E+34     
 4.679E+00 0.000E+00 1.403E+01 4.209E-01 3.000E+00 1.111E+03 5.541E+34     
 4.726E+00 0.000E+00 1.507E+01 4.521E-01 3.000E+00 1.111E+03 5.541E+34     
 4.773E+00 0.000E+00 1.624E+01 4.872E-01 3.000E+00 1.111E+03 5.541E+34     
 4.820E+00 0.000E+00 1.775E+01 5.325E-01 3.000E+00 1.111E+03 5.541E+34     
 4.868E+00 0.000E+00 1.940E+01 5.820E-01 3.000E+00 1.111E+03 5.541E+34     
 4.916E+00 0.000E+00 2.049E+01 6.147E-01 3.000E+00 1.111E+03 5.541E+34     
 4.963E+00 0.000E+00 2.235E+01 6.705E-01 3.000E+00 1.111E+03 5.541E+34     
 5.012E+00 0.000E+00 2.410E+01 7.230E-01 3.000E+00 1.111E+03 5.541E+34     
 5.060E+00 0.000E+00 2.568E+01 7.704E-01 3.000E+00 1.111E+03 5.541E+34     
 5.109E+00 0.000E+00 2.749E+01 8.247E-01 3.000E+00 1.111E+03 5.541E+34     
 5.157E+00 0.000E+00 2.941E+01 8.823E-01 3.000E+00 1.111E+03 5.541E+34     
 5.206E+00 0.000E+00 3.205E+01 9.615E-01 3.000E+00 1.111E+03 5.541E+34     
 5.256E+00 0.000E+00 3.418E+01 1.025E+00 3.000E+00 1.111E+03 5.541E+34     
 5.305E+00 0.000E+00 3.661E+01 1.098E+00 3.000E+00 1.111E+03 5.541E+34     
 5.355E+00 0.000E+00 3.885E+01 1.165E+00 3.000E+00 1.111E+03 5.541E+34     
 5.405E+00 0.000E+00 4.129E+01 1.239E+00 3.000E+00 1.111E+03 5.541E+34     
 5.455E+00 0.000E+00 4.416E+01 1.325E+00 3.000E+00 1.111E+03 5.541E+34     
 5.506E+00 0.000E+00 4.674E+01 1.402E+00 3.000E+00 1.111E+03 5.541E+34     
 5.556E+00 0.000E+00 4.958E+01 1.487E+00 3.000E+00 1.111E+03 5.541E+34     
 5.607E+00 0.000E+00 5.287E+01 1.586E+00 3.000E+00 1.111E+03 5.541E+34     
 5.658E+00 0.000E+00 5.602E+01 1.681E+00 3.000E+00 1.111E+03 5.541E+34     
 5.709E+00 0.000E+00 5.926E+01 1.778E+00 3.000E+00 1.111E+03 5.541E+34     
 5.761E+00 0.000E+00 6.274E+01 1.882E+00 3.000E+00 1.111E+03 5.541E+34     
 5.813E+00 0.000E+00 6.609E+01 1.983E+00 3.000E+00 1.111E+03 5.541E+34     
 5.865E+00 0.000E+00 7.041E+01 2.112E+00 3.000E+00 1.111E+03 5.541E+34     
 5.917E+00 0.000E+00 7.424E+01 2.227E+00 3.000E+00 1.111E+03 5.541E+34     
 5.970E+00 0.000E+00 7.848E+01 2.354E+00 3.000E+00 1.111E+03 5.541E+34     
 6.049E+00 0.000E+00 8.583E+01 2.575E+00 3.000E+00 1.111E+03 5.541E+34     
 6.107E+00 0.000E+00 9.644E+01 2.893E+00 3.000E+00 1.111E+03 5.541E+34     
 6.160E+00 0.000E+00 1.014E+02 3.041E+00 3.000E+00 1.111E+03 5.541E+34     
 6.203E+00 0.000E+00 1.000E+02 3.000E+00 3.000E+00 1.111E+03 5.541E+34     
 6.235E+00 0.000E+00 1.032E+02 3.095E+00 3.000E+00 1.111E+03 5.541E+34     
 6.311E+00 0.000E+00 1.125E+02 3.376E+00 3.000E+00 1.111E+03 5.541E+34     
 6.365E+00 0.000E+00 1.260E+02 3.780E+00 3.000E+00 1.111E+03 5.541E+34     
 6.419E+00 0.000E+00 1.586E+02 4.758E+00 3.000E+00 1.111E+03 5.541E+34     
 6.474E+00 0.000E+00 1.377E+02 4.131E+00 3.000E+00 1.111E+03 5.541E+34     
 6.529E+00 0.000E+00 1.426E+02 4.277E+00 3.000E+00 1.111E+03 5.541E+34     
 6.584E+00 0.000E+00 1.615E+02 4.844E+00 3.000E+00 1.111E+03 5.541E+34     
 6.639E+00 0.000E+00 1.676E+02 5.027E+00 3.000E+00 1.111E+03 5.541E+34     
 6.695E+00 0.000E+00 1.656E+02 4.969E+00 3.000E+00 1.111E+03 5.541E+34     
 6.750E+00 0.000E+00 1.767E+02 5.301E+00 3.000E+00 1.111E+03 5.541E+34     
 6.807E+00 0.000E+00 1.644E+02 4.931E+00 3.000E+00 1.111E+03 5.541E+34     
 6.874E+00 0.000E+00 1.675E+02 5.025E+00 3.000E+00 1.111E+03 5.541E+34     

# Data set         :   4   xs100000.tot   
# Author           : Wing                
# Year             : 1962
# EXFOR subentry   : T0124006 
# Weight           :      1.00000
# Quality          :   
# energy     TALYS      exp       dexp  rel. unc. %   Chi2      C/E   include
 3.200E+00 0.000E+00 4.989E-01 1.497E-02 3.000E+00 1.111E+03 5.541E+34     
 4.900E+00 0.000E+00 1.896E+01 5.688E-01 3.000E+00 1.111E+03 5.541E+34     
 5.000E+00 0.000E+00 2.395E+01 7.185E-01 3.000E+00 1.111E+03 5.541E+34     
 5.100E+00 0.000E+00 3.792E+01 5.987E+00 1.579E+01 4.011E+01 5.541E+34     
 6.000E+00 0.000E+00 9.779E+01 2.934E+00 3.000E+00 1.111E+03 5.541E+34     
 6.100E+00 0.000E+00 1.148E+02 3.443E+00 3.000E+00 1.111E+03 5.541E+34     
 6.400E+00 0.000E+00 1.327E+02 3.982E+00 3.000E+00 1.111E+03 5.541E+34     
 6.900E+00 0.000E+00 1.786E+02 5.359E+00 3.000E+00 1.111E+03 5.541E+34     
 7.100E+00 0.000E+00 2.086E+02 2.994E+01 1.435E+01 4.853E+01 5.541E+34     
 8.000E+00 0.000E+00 2.954E+02 8.861E+00 3.000E+00 1.111E+03 5.541E+34     
 8.100E+00 0.000E+00 3.233E+02 9.699E+00 3.000E+00 1.111E+03 5.541E+34     
 8.700E+00 0.000E+00 3.742E+02 1.123E+01 3.000E+00 1.111E+03 5.541E+34     
 8.900E+00 0.000E+00 4.171E+02 1.251E+01 3.000E+00 1.111E+03 5.541E+34     
 9.000E+00 0.000E+00 4.391E+02 1.317E+01 3.000E+00 1.111E+03 5.541E+34     
 9.000E+00 0.000E+00 4.201E+02 1.260E+01 3.000E+00 1.111E+03 5.541E+34     
 9.450E+00 0.000E+00 4.880E+02 1.464E+01 3.000E+00 1.111E+03 5.541E+34     
 9.850E+00 0.000E+00 5.199E+02 1.560E+01 3.000E+00 1.111E+03 5.541E+34     
 1.016E+01 0.000E+00 5.199E+02 6.586E+01 1.267E+01 6.231E+01 5.541E+34     
 1.033E+01 0.000E+00 5.608E+02 1.682E+01 3.000E+00 1.111E+03 5.541E+34     
 1.035E+01 0.000E+00 5.748E+02 1.724E+01 3.000E+00 1.111E+03 5.541E+34     
 1.043E+01 0.000E+00 5.887E+02 1.766E+01 3.000E+00 1.111E+03 5.541E+34     
 1.045E+01 0.000E+00 5.877E+02 1.763E+01 3.000E+00 1.111E+03 5.541E+34     
 1.050E+01 0.000E+00 5.798E+02 1.739E+01 3.000E+00 1.111E+03 5.541E+34     

# Channel          : xs100000.tot   
# Frms limit       : 1.000E+30
# Chi2 limit       : 1.000E+30
# Fracmax          : 3.000E-02
# xs (mb) limit    : 1.000E-01

# Data set         :   1   xs100000.tot   
# Author           : Blaser              
# Year             : 1951
# EXFOR subentry   : B0048007 
# Weight           :      0.00000
# Quality          :   
# energy     TALYS      exp       dexp  rel. unc. %   Chi2      C/E   include
 3.310E+00 0.000E+00 6.900E-01 2.070E-02 3.000E+00 1.111E+03 5.541E+34     
 3.840E+00 0.000E+00 3.100E+00 9.300E-02 3.000E+00 1.111E+03 5.541E+34     
 4.080E+00 0.000E+00 5.300E+00 1.590E-01 3.000E+00 1.111E+03 5.541E+34     
 4.270E+00 0.000E+00 8.200E+00 2.460E-01 3.000E+00 1.111E+03 5.541E+34     
 4.380E+00 0.000E+00 1.000E+01 3.000E-01 3.000E+00 1.111E+03 5.541E+34     
 4.480E+00 0.000E+00 1.200E+01 3.600E-01 3.000E+00 1.111E+03 5.541E+34     
 4.590E+00 0.000E+00 1.500E+01 4.500E-01 3.000E+00 1.111E+03 5.541E+34     
 4.690E+00 0.000E+00 1.800E+01 5.400E-01 3.000E+00 1.111E+03 5.541E+34     
 4.790E+00 0.000E+00 2.000E+01 6.000E-01 3.000E+00 1.111E+03 5.541E+34     
 5.010E+00 0.000E+00 2.700E+01 8.100E-01 3.000E+00 1.111E+03 5.541E+34     
 5.180E+00 0.000E+00 3.400E+01 1.020E+00 3.000E+00 1.111E+03 5.541E+34     
 5.360E+00 0.000E+00 4.200E+01 1.260E+00 3.000E+00 1.111E+03 5.541E+34     
 5.540E+00 0.000E+00 5.100E+01 1.530E+00 3.000E+00 1.111E+03 5.541E+34     
 5.720E+00 0.000E+00 6.100E+01 1.830E+00 3.000E+00 1.111E+03 5.541E+34     
 5.900E+00 0.000E+00 7.200E+01 2.160E+00 3.000E+00 1.111E+03 5.541E+34     
 6.080E+00 0.000E+00 8.600E+01 2.580E+00 3.000E+00 1.111E+03 5.541E+34     
 6.240E+00 0.000E+00 1.000E+02 3.000E+00 3.000E+00 1.111E+03 5.541E+34     
 6.400E+00 0.000E+00 1.200E+02 3.600E+00 3.000E+00 1.111E+03 5.541E+34     

# Data set         :   2   xs100000.tot   
# Author           : Colle               
# Year             : 1974
# EXFOR subentry   : B0057004 
# Weight           :      1.00000
# Quality          :   
# energy     TALYS      exp       dexp  rel. unc. %   Chi2      C/E   include
 2.510E+00 0.000E+00 1.900E-02 2.000E-03 1.053E+01 9.025E+01 5.541E+34     
 3.120E+00 0.000E+00 5.200E-01 4.000E-02 7.692E+00 1.690E+02 5.541E+34     
 3.650E+00 0.000E+00 1.820E+00 1.300E-01 7.143E+00 1.960E+02 5.541E+34     
 3.840E+00 0.000E+00 2.520E+00 1.700E-01 6.746E+00 2.197E+02 5.541E+34     
 4.160E+00 0.000E+00 5.160E+00 3.500E-01 6.783E+00 2.174E+02 5.541E+34     
 4.940E+00 0.000E+00 2.440E+01 1.600E+00 6.557E+00 2.326E+02 5.541E+34     
 6.060E+00 0.000E+00 1.010E+02 7.000E+00 6.931E+00 2.082E+02 5.541E+34     
 7.200E+00 0.000E+00 2.160E+02 1.500E+01 6.944E+00 2.074E+02 5.541E+34     
 8.170E+00 0.000E+00 3.310E+02 2.000E+01 6.042E+00 2.739E+02 5.541E+34     
 9.180E+00 0.000E+00 5.210E+02 3.600E+01 6.910E+00 2.094E+02 5.541E+34     
 9.350E+00 0.000E+00 4.950E+02 4.700E+01 9.495E+00 1.109E+02 5.541E+34     
 1.030E+01 0.000E+00 6.060E+02 4.100E+01 6.766E+00 2.185E+02 5.541E+34     
 1.031E+01 0.000E+00 6.440E+02 5.500E+01 8.540E+00 1.371E+02 5.541E+34     
 1.133E+01 0.000E+00 6.640E+02 4.600E+01 6.928E+00 2.084E+02 5.541E+34     
 1.134E+01 0.000E+00 6.800E+02 4.700E+01 6.912E+00 2.093E+02 5.541E+34     
 1.229E+01 0.000E+00 5.480E+02 3.700E+01 6.752E+00 2.194E+02 5.541E+34     
 1.243E+01 0.000E+00 4.960E+02 3.300E+01 6.653E+00 2.259E+02 5.541E+34     
 1.258E+01 0.000E+00 4.910E+02 3.400E+01 6.925E+00 2.085E+02 5.541E+34     
 1.262E+01 0.000E+00 5.180E+02 3.500E+01 6.757E+00 2.190E+02 5.541E+34     
 1.295E+01 0.000E+00 4.600E+02 3.100E+01 6.739E+00 2.202E+02 5.541E+34     
 1.299E+01 0.000E+00 4.490E+02 3.100E+01 6.904E+00 2.098E+02 5.541E+34     
 1.327E+01 0.000E+00 3.860E+02 2.600E+01 6.736E+00 2.204E+02 5.541E+34     
 1.327E+01 0.000E+00 4.020E+02 2.800E+01 6.965E+00 2.061E+02 5.541E+34     
 1.344E+01 0.000E+00 3.690E+02 3.600E+01 9.756E+00 1.051E+02 5.541E+34     
 1.344E+01 0.000E+00 3.730E+02 2.500E+01 6.702E+00 2.226E+02 5.541E+34     
 1.346E+01 0.000E+00 3.900E+02 2.600E+01 6.667E+00 2.250E+02 5.541E+34     
 1.358E+01 0.000E+00 3.700E+02 2.500E+01 6.757E+00 2.190E+02 5.541E+34     
 1.399E+01 0.000E+00 3.140E+02 2.100E+01 6.688E+00 2.236E+02 5.541E+34     
 1.439E+01 0.000E+00 2.670E+02 1.800E+01 6.742E+00 2.200E+02 5.541E+34     
 1.559E+01 0.000E+00 1.540E+02 1.100E+01 7.143E+00 1.960E+02 5.541E+34     
 1.595E+01 0.000E+00 1.440E+02 1.000E+01 6.944E+00 2.074E+02 5.541E+34     
 1.619E+01 0.000E+00 1.320E+02 9.000E+00 6.818E+00 2.151E+02 5.541E+34     
 1.645E+01 0.000E+00 1.100E+02 7.000E+00 6.364E+00 2.469E+02 5.541E+34     
 1.669E+01 0.000E+00 1.040E+02 7.000E+00 6.731E+00 2.207E+02 5.541E+34     
 1.692E+01 0.000E+00 9.640E+01 6.500E+00 6.743E+00 2.200E+02 5.541E+34     
 1.871E+01 0.000E+00 5.480E+01 3.800E+00 6.934E+00 2.080E+02 5.541E+34     
 1.904E+01 0.000E+00 5.110E+01 3.700E+00 7.241E+00 1.907E+02 5.541E+34     
 1.927E+01 0.000E+00 4.850E+01 3.300E+00 6.804E+00 2.160E+02 5.541E+34     
 1.950E+01 0.000E+00 4.600E+01 3.200E+00 6.957E+00 2.066E+02 5.541E+34     
 1.973E+01 0.000E+00 4.730E+01 3.200E+00 6.765E+00 2.185E+02 5.541E+34     
 1.996E+01 0.000E+00 5.090E+01 3.500E+00 6.876E+00 2.115E+02 5.541E+34     

# Data set         :   3   xs100000.tot   
# Author           : Hershberger         
# Year             : 1980
# EXFOR subentry   : C0529002 
# Weight           :      1.00000
# Quality          :   
# energy     TALYS      exp       dexp  rel. unc. %   Chi2      C/E   include
 2.959E+00 0.000E+00 1.200E-01 4.056E-03 3.380E+00 8.753E+02 5.541E+34     
 2.996E+00 0.000E+00 1.400E-01 4.270E-03 3.050E+00 1.075E+03 5.541E+34     
 3.034E+00 0.000E+00 1.700E-01 5.100E-03 3.000E+00 1.111E+03 5.541E+34     
 3.072E+00 0.000E+00 2.000E-01 6.000E-03 3.000E+00 1.111E+03 5.541E+34     
 3.110E+00 0.000E+00 2.400E-01 7.200E-03 3.000E+00 1.111E+03 5.541E+34     
 3.148E+00 0.000E+00 2.600E-01 7.800E-03 3.000E+00 1.111E+03 5.541E+34     
 3.187E+00 0.000E+00 3.200E-01 9.600E-03 3.000E+00 1.111E+03 5.541E+34     
 3.226E+00 0.000E+00 3.700E-01 1.110E-02 3.000E+00 1.111E+03 5.541E+34     
 3.265E+00 0.000E+00 4.300E-01 1.290E-02 3.000E+00 1.111E+03 5.541E+34     
 3.304E+00 0.000E+00 4.800E-01 1.440E-02 3.000E+00 1.111E+03 5.541E+34     
 3.343E+00 0.000E+00 5.400E-01 1.620E-02 3.000E+00 1.111E+03 5.541E+34     
 3.383E+00 0.000E+00 6.100E-01 1.830E-02 3.000E+00 1.111E+03 5.541E+34     
 3.423E+00 0.000E+00 6.900E-01 2.070E-02 3.000E+00 1.111E+03 5.541E+34     
 3.463E+00 0.000E+00 8.100E-01 2.430E-02 3.000E+00 1.111E+03 5.541E+34     
 3.503E+00 0.000E+00 9.100E-01 2.730E-02 3.000E+00 1.111E+03 5.541E+34     
 3.544E+00 0.000E+00 1.010E+00 3.030E-02 3.000E+00 1.111E+03 5.541E+34     
 3.585E+00 0.000E+00 1.150E+00 3.450E-02 3.000E+00 1.111E+03 5.541E+34     
 3.626E+00 0.000E+00 1.310E+00 3.930E-02 3.000E+00 1.111E+03 5.541E+34     
 3.667E+00 0.000E+00 1.460E+00 4.380E-02 3.000E+00 1.111E+03 5.541E+34     
 3.708E+00 0.000E+00 1.620E+00 4.860E-02 3.000E+00 1.111E+03 5.541E+34     
 3.750E+00 0.000E+00 1.860E+00 5.580E-02 3.000E+00 1.111E+03 5.541E+34     
 3.792E+00 0.000E+00 2.020E+00 6.060E-02 3.000E+00 1.111E+03 5.541E+34     
 3.834E+00 0.000E+00 2.270E+00 6.810E-02 3.000E+00 1.111E+03 5.541E+34     
 3.877E+00 0.000E+00 2.550E+00 7.650E-02 3.000E+00 1.111E+03 5.541E+34     
 3.919E+00 0.000E+00 2.780E+00 8.340E-02 3.000E+00 1.111E+03 5.541E+34     
 3.962E+00 0.000E+00 3.190E+00 9.570E-02 3.000E+00 1.111E+03 5.541E+34     
 4.005E+00 0.000E+00 3.510E+00 1.053E-01 3.000E+00 1.111E+03 5.541E+34     
 4.049E+00 0.000E+00 3.860E+00 1.158E-01 3.000E+00 1.111E+03 5.541E+34     
 4.092E+00 0.000E+00 4.370E+00 1.311E-01 3.000E+00 1.111E+03 5.541E+34     
 4.136E+00 0.000E+00 4.690E+00 1.407E-01 3.000E+00 1.111E+03 5.541E+34     
 4.180E+00 0.000E+00 5.280E+00 1.584E-01 3.000E+00 1.111E+03 5.541E+34     
 4.224E+00 0.000E+00 5.700E+00 1.710E-01 3.000E+00 1.111E+03 5.541E+34     
 4.269E+00 0.000E+00 6.340E+00 1.902E-01 3.000E+00 1.111E+03 5.541E+34     
 4.314E+00 0.000E+00 6.820E+00 2.046E-01 3.000E+00 1.111E+03 5.541E+34     
 4.359E+00 0.000E+00 7.560E+00 2.268E-01 3.000E+00 1.111E+03 5.541E+34     
 4.404E+00 0.000E+00 8.130E+00 2.439E-01 3.000E+00 1.111E+03 5.541E+34     
 4.449E+00 0.000E+00 9.190E+00 2.757E-01 3.000E+00 1.111E+03 5.541E+34     
 4.495E+00 0.000E+00 9.830E+00 2.949E-01 3.000E+00 1.111E+03 5.541E+34     
 4.540E+00 0.000E+00 1.089E+01 3.267E-01 3.000E+00 1.111E+03 5.541E+34     
 4.587E+00 0.000E+00 1.170E+01 3.510E-01 3.000E+00 1.111E+03 5.541E+34     
 4.633E+00 0.000E+00 1.277E+01 3.831E-01 3.000E+00 1.111E+03 5.541E+34     
 4.679E+00 0.000E+00 1.403E+01 4.209E-01 3.000E+00 1.111E+03 5.541E+34     
 4.726E+00 0.000E+00 1.507E+01 4.521E-01 3.000E+00 1.111E+03 5.541E+34     
 4.773E+00 0.000E+00 1.624E+01 4.872E-01 3.000E+00 1.111E+03 5.541E+34     
 4.820E+00 0.000E+00 1.775E+01 5.325E-01 3.000E+00 1.111E+03 5.541E+34     
 4.868E+00 0.000E+00 1.940E+01 5.820E-01 3.000E+00 1.111E+03 5.541E+34     
 4.916E+00 0.000E+00 2.049E+01 6.147E-01 3.000E+00 1.111E+03 5.541E+34     
 4.963E+00 0.000E+00 2.235E+01 6.705E-01 3.000E+00 1.111E+03 5.541E+34     
 5.012E+00 0.000E+00 2.410E+01 7.230E-01 3.000E+00 1.111E+03 5.541E+34     
 5.060E+00 0.000E+00 2.568E+01 7.704E-01 3.000E+00 1.111E+03 5.541E+34     
 5.109E+00 0.000E+00 2.749E+01 8.247E-01 3.000E+00 1.111E+03 5.541E+34     
 5.157E+00 0.000E+00 2.941E+01 8.823E-01 3.000E+00 1.111E+03 5.541E+34     
 5.206E+00 0.000E+00 3.205E+01 9.615E-01 3.000E+00 1.111E+03 5.541E+34     
 5.256E+00 0.000E+00 3.418E+01 1.025E+00 3.000E+00 1.111E+03 5.541E+34     
 5.305E+00 0.000E+00 3.661E+01 1.098E+00 3.000E+00 1.111E+03 5.541E+34     
 5.355E+00 0.000E+00 3.885E+01 1.165E+00 3.000E+00 1.111E+03 5.541E+34     
 5.405E+00 0.000E+00 4.129E+01 1.239E+00 3.000E+00 1.111E+03 5.541E+34     
 5.455E+00 0.000E+00 4.416E+01 1.325E+00 3.000E+00 1.111E+03 5.541E+34     
 5.506E+00 0.000E+00 4.674E+01 1.402E+00 3.000E+00 1.111E+03 5.541E+34     
 5.556E+00 0.000E+00 4.958E+01 1.487E+00 3.000E+00 1.111E+03 5.541E+34     
 5.607E+00 0.000E+00 5.287E+01 1.586E+00 3.000E+00 1.111E+03 5.541E+34     
 5.658E+00 0.000E+00 5.602E+01 1.681E+00 3.000E+00 1.111E+03 5.541E+34     
 5.709E+00 0.000E+00 5.926E+01 1.778E+00 3.000E+00 1.111E+03 5.541E+34     
 5.761E+00 0.000E+00 6.274E+01 1.882E+00 3.000E+00 1.111E+03 5.541E+34     
 5.813E+00 0.000E+00 6.609E+01 1.983E+00 3.000E+00 1.111E+03 5.541E+34     
 5.865E+00 0.000E+00 7.041E+01 2.112E+00 3.000E+00 1.111E+03 5.541E+34     
 5.917E+00 0.000E+00 7.424E+01 2.227E+00 3.000E+00 1.111E+03 5.541E+34     
 5.970E+00 0.000E+00 7.848E+01 2.354E+00 3.000E+00 1.111E+03 5.541E+34     
 6.049E+00 0.000E+00 8.583E+01 2.575E+00 3.000E+00 1.111E+03 5.541E+34     
 6.107E+00 0.000E+00 9.644E+01 2.893E+00 3.000E+00 1.111E+03 5.541E+34     
 6.160E+00 0.000E+00 1.014E+02 3.041E+00 3.000E+00 1.111E+03 5.541E+34     
 6.203E+00 0.000E+00 1.000E+02 3.000E+00 3.000E+00 1.111E+03 5.541E+34     
 6.235E+00 0.000E+00 1.032E+02 3.095E+00 3.000E+00 1.111E+03 5.541E+34     
 6.311E+00 0.000E+00 1.125E+02 3.376E+00 3.000E+00 1.111E+03 5.541E+34     
 6.365E+00 0.000E+00 1.260E+02 3.780E+00 3.000E+00 1.111E+03 5.541E+34     
 6.419E+00 0.000E+00 1.586E+02 4.758E+00 3.000E+00 1.111E+03 5.541E+34     
 6.474E+00 0.000E+00 1.377E+02 4.131E+00 3.000E+00 1.111E+03 5.541E+34     
 6.529E+00 0.000E+00 1.426E+02 4.277E+00 3.000E+00 1.111E+03 5.541E+34     
 6.584E+00 0.000E+00 1.615E+02 4.844E+00 3.000E+00 1.111E+03 5.541E+34     
 6.639E+00 0.000E+00 1.676E+02 5.027E+00 3.000E+00 1.111E+03 5.541E+34     
 6.695E+00 0.000E+00 1.656E+02 4.969E+00 3.000E+00 1.111E+03 5.541E+34     
 6.750E+00 0.000E+00 1.767E+02 5.301E+00 3.000E+00 1.111E+03 5.541E+34     
 6.807E+00 0.000E+00 1.644E+02 4.931E+00 3.000E+00 1.111E+03 5.541E+34     
 6.874E+00 0.000E+00 1.675E+02 5.025E+00 3.000E+00 1.111E+03 5.541E+34     

# Data set         :   4   xs100000.tot   
# Author           : Wing                
# Year             : 1962
# EXFOR subentry   : T0124006 
# Weight           :      1.00000
# Quality          :   
# energy     TALYS      exp       dexp  rel. unc. %   Chi2      C/E   include
 3.200E+00 0.000E+00 4.989E-01 1.497E-02 3.000E+00 1.111E+03 5.541E+34     
 4.900E+00 0.000E+00 1.896E+01 5.688E-01 3.000E+00 1.111E+03 5.541E+34     
 5.000E+00 0.000E+00 2.395E+01 7.185E-01 3.000E+00 1.111E+03 5.541E+34     
 5.100E+00 0.000E+00 3.792E+01 5.987E+00 1.579E+01 4.011E+01 5.541E+34     
 6.000E+00 0.000E+00 9.779E+01 2.934E+00 3.000E+00 1.111E+03 5.541E+34     
 6.100E+00 0.000E+00 1.148E+02 3.443E+00 3.000E+00 1.111E+03 5.541E+34     
 6.400E+00 0.000E+00 1.327E+02 3.982E+00 3.000E+00 1.111E+03 5.541E+34     
 6.900E+00 0.000E+00 1.786E+02 5.359E+00 3.000E+00 1.111E+03 5.541E+34     
 7.100E+00 0.000E+00 2.086E+02 2.994E+01 1.435E+01 4.853E+01 5.541E+34     
 8.000E+00 0.000E+00 2.954E+02 8.861E+00 3.000E+00 1.111E+03 5.541E+34     
 8.100E+00 0.000E+00 3.233E+02 9.699E+00 3.000E+00 1.111E+03 5.541E+34     
 8.700E+00 0.000E+00 3.742E+02 1.123E+01 3.000E+00 1.111E+03 5.541E+34     
 8.900E+00 0.000E+00 4.171E+02 1.251E+01 3.000E+00 1.111E+03 5.541E+34     
 9.000E+00 0.000E+00 4.391E+02 1.317E+01 3.000E+00 1.111E+03 5.541E+34     
 9.000E+00 0.000E+00 4.201E+02 1.260E+01 3.000E+00 1.111E+03 5.541E+34     
 9.450E+00 0.000E+00 4.880E+02 1.464E+01 3.000E+00 1.111E+03 5.541E+34     
 9.850E+00 0.000E+00 5.199E+02 1.560E+01 3.000E+00 1.111E+03 5.541E+34     
 1.016E+01 0.000E+00 5.199E+02 6.586E+01 1.267E+01 6.231E+01 5.541E+34     
 1.033E+01 0.000E+00 5.608E+02 1.682E+01 3.000E+00 1.111E+03 5.541E+34     
 1.035E+01 0.000E+00 5.748E+02 1.724E+01 3.000E+00 1.111E+03 5.541E+34     
 1.043E+01 0.000E+00 5.887E+02 1.766E+01 3.000E+00 1.111E+03 5.541E+34     
 1.045E+01 0.000E+00 5.877E+02 1.763E+01 3.000E+00 1.111E+03 5.541E+34     
 1.050E+01 0.000E+00 5.798E+02 1.739E+01 3.000E+00 1.111E+03 5.541E+34     

# Channel          : xs100000.tot   
# Frms limit       : 1.000E+30
# Chi2 limit       : 1.000E+30
# Fracmax          : 3.000E-02
# xs (mb) limit    : 1.000E-01

# Data set         :   1   xs100000.tot   
# Author           : Blaser              
# Year             : 1951
# EXFOR subentry   : B0048007 
# Weight           :      0.00000
# Quality          :   
# energy     TALYS      exp       dexp  rel. unc. %   Chi2      C/E   include
 3.310E+00 0.000E+00 6.900E-01 2.070E-02 3.000E+00 1.111E+03 5.541E+34     
 3.840E+00 0.000E+00 3.100E+00 9.300E-02 3.000E+00 1.111E+03 5.541E+34     
 4.080E+00 0.000E+00 5.300E+00 1.590E-01 3.000E+00 1.111E+03 5.541E+34     
 4.270E+00 0.000E+00 8.200E+00 2.460E-01 3.000E+00 1.111E+03 5.541E+34     
 4.380E+00 0.000E+00 1.000E+01 3.000E-01 3.000E+00 1.111E+03 5.541E+34     
 4.480E+00 0.000E+00 1.200E+01 3.600E-01 3.000E+00 1.111E+03 5.541E+34     
 4.590E+00 0.000E+00 1.500E+01 4.500E-01 3.000E+00 1.111E+03 5.541E+34     
 4.690E+00 0.000E+00 1.800E+01 5.400E-01 3.000E+00 1.111E+03 5.541E+34     
 4.790E+00 0.000E+00 2.000E+01 6.000E-01 3.000E+00 1.111E+03 5.541E+34     
 5.010E+00 0.000E+00 2.700E+01 8.100E-01 3.000E+00 1.111E+03 5.541E+34     
 5.180E+00 0.000E+00 3.400E+01 1.020E+00 3.000E+00 1.111E+03 5.541E+34     
 5.360E+00 0.000E+00 4.200E+01 1.260E+00 3.000E+00 1.111E+03 5.541E+34     
 5.540E+00 0.000E+00 5.100E+01 1.530E+00 3.000E+00 1.111E+03 5.541E+34     
 5.720E+00 0.000E+00 6.100E+01 1.830E+00 3.000E+00 1.111E+03 5.541E+34     
 5.900E+00 0.000E+00 7.200E+01 2.160E+00 3.000E+00 1.111E+03 5.541E+34     
 6.080E+00 0.000E+00 8.600E+01 2.580E+00 3.000E+00 1.111E+03 5.541E+34     
 6.240E+00 0.000E+00 1.000E+02 3.000E+00 3.000E+00 1.111E+03 5.541E+34     
 6.400E+00 0.000E+00 1.200E+02 3.600E+00 3.000E+00 1.111E+03 5.541E+34     

# Data set         :   2   xs100000.tot   
# Author           : Colle               
# Year             : 1974
# EXFOR subentry   : B0057004 
# Weight           :      1.00000
# Quality          :   
# energy     TALYS      exp       dexp  rel. unc. %   Chi2      C/E   include
 2.510E+00 0.000E+00 1.900E-02 2.000E-03 1.053E+01 9.025E+01 5.541E+34     
 3.120E+00 0.000E+00 5.200E-01 4.000E-02 7.692E+00 1.690E+02 5.541E+34     
 3.650E+00 0.000E+00 1.820E+00 1.300E-01 7.143E+00 1.960E+02 5.541E+34     
 3.840E+00 0.000E+00 2.520E+00 1.700E-01 6.746E+00 2.197E+02 5.541E+34     
 4.160E+00 0.000E+00 5.160E+00 3.500E-01 6.783E+00 2.174E+02 5.541E+34     
 4.940E+00 0.000E+00 2.440E+01 1.600E+00 6.557E+00 2.326E+02 5.541E+34     
 6.060E+00 0.000E+00 1.010E+02 7.000E+00 6.931E+00 2.082E+02 5.541E+34     
 7.200E+00 0.000E+00 2.160E+02 1.500E+01 6.944E+00 2.074E+02 5.541E+34     
 8.170E+00 0.000E+00 3.310E+02 2.000E+01 6.042E+00 2.739E+02 5.541E+34     
 9.180E+00 0.000E+00 5.210E+02 3.600E+01 6.910E+00 2.094E+02 5.541E+34     
 9.350E+00 0.000E+00 4.950E+02 4.700E+01 9.495E+00 1.109E+02 5.541E+34     
 1.030E+01 0.000E+00 6.060E+02 4.100E+01 6.766E+00 2.185E+02 5.541E+34     
 1.031E+01 0.000E+00 6.440E+02 5.500E+01 8.540E+00 1.371E+02 5.541E+34     
 1.133E+01 0.000E+00 6.640E+02 4.600E+01 6.928E+00 2.084E+02 5.541E+34     
 1.134E+01 0.000E+00 6.800E+02 4.700E+01 6.912E+00 2.093E+02 5.541E+34     
 1.229E+01 0.000E+00 5.480E+02 3.700E+01 6.752E+00 2.194E+02 5.541E+34     
 1.243E+01 0.000E+00 4.960E+02 3.300E+01 6.653E+00 2.259E+02 5.541E+34     
 1.258E+01 0.000E+00 4.910E+02 3.400E+01 6.925E+00 2.085E+02 5.541E+34     
 1.262E+01 0.000E+00 5.180E+02 3.500E+01 6.757E+00 2.190E+02 5.541E+34     
 1.295E+01 0.000E+00 4.600E+02 3.100E+01 6.739E+00 2.202E+02 5.541E+34     
 1.299E+01 0.000E+00 4.490E+02 3.100E+01 6.904E+00 2.098E+02 5.541E+34     
 1.327E+01 0.000E+00 3.860E+02 2.600E+01 6.736E+00 2.204E+02 5.541E+34     
 1.327E+01 0.000E+00 4.020E+02 2.800E+01 6.965E+00 2.061E+02 5.541E+34     
 1.344E+01 0.000E+00 3.690E+02 3.600E+01 9.756E+00 1.051E+02 5.541E+34     
 1.344E+01 0.000E+00 3.730E+02 2.500E+01 6.702E+00 2.226E+02 5.541E+34     
 1.346E+01 0.000E+00 3.900E+02 2.600E+01 6.667E+00 2.250E+02 5.541E+34     
 1.358E+01 0.000E+00 3.700E+02 2.500E+01 6.757E+00 2.190E+02 5.541E+34     
 1.399E+01 0.000E+00 3.140E+02 2.100E+01 6.688E+00 2.236E+02 5.541E+34     
 1.439E+01 0.000E+00 2.670E+02 1.800E+01 6.742E+00 2.200E+02 5.541E+34     
 1.559E+01 0.000E+00 1.540E+02 1.100E+01 7.143E+00 1.960E+02 5.541E+34     
 1.595E+01 0.000E+00 1.440E+02 1.000E+01 6.944E+00 2.074E+02 5.541E+34     
 1.619E+01 0.000E+00 1.320E+02 9.000E+00 6.818E+00 2.151E+02 5.541E+34     
 1.645E+01 0.000E+00 1.100E+02 7.000E+00 6.364E+00 2.469E+02 5.541E+34     
 1.669E+01 0.000E+00 1.040E+02 7.000E+00 6.731E+00 2.207E+02 5.541E+34     
 1.692E+01 0.000E+00 9.640E+01 6.500E+00 6.743E+00 2.200E+02 5.541E+34     
 1.871E+01 0.000E+00 5.480E+01 3.800E+00 6.934E+00 2.080E+02 5.541E+34     
 1.904E+01 0.000E+00 5.110E+01 3.700E+00 7.241E+00 1.907E+02 5.541E+34     
 1.927E+01 0.000E+00 4.850E+01 3.300E+00 6.804E+00 2.160E+02 5.541E+34     
 1.950E+01 0.000E+00 4.600E+01 3.200E+00 6.957E+00 2.066E+02 5.541E+34     
 1.973E+01 0.000E+00 4.730E+01 3.200E+00 6.765E+00 2.185E+02 5.541E+34     
 1.996E+01 0.000E+00 5.090E+01 3.500E+00 6.876E+00 2.115E+02 5.541E+34     

# Data set         :   3   xs100000.tot   
# Author           : Hershberger         
# Year             : 1980
# EXFOR subentry   : C0529002 
# Weight           :      1.00000
# Quality          :   
# energy     TALYS      exp       dexp  rel. unc. %   Chi2      C/E   include
 2.959E+00 0.000E+00 1.200E-01 4.056E-03 3.380E+00 8.753E+02 5.541E+34     
 2.996E+00 0.000E+00 1.400E-01 4.270E-03 3.050E+00 1.075E+03 5.541E+34     
 3.034E+00 0.000E+00 1.700E-01 5.100E-03 3.000E+00 1.111E+03 5.541E+34     
 3.072E+00 0.000E+00 2.000E-01 6.000E-03 3.000E+00 1.111E+03 5.541E+34     
 3.110E+00 0.000E+00 2.400E-01 7.200E-03 3.000E+00 1.111E+03 5.541E+34     
 3.148E+00 0.000E+00 2.600E-01 7.800E-03 3.000E+00 1.111E+03 5.541E+34     
 3.187E+00 0.000E+00 3.200E-01 9.600E-03 3.000E+00 1.111E+03 5.541E+34     
 3.226E+00 0.000E+00 3.700E-01 1.110E-02 3.000E+00 1.111E+03 5.541E+34     
 3.265E+00 0.000E+00 4.300E-01 1.290E-02 3.000E+00 1.111E+03 5.541E+34     
 3.304E+00 0.000E+00 4.800E-01 1.440E-02 3.000E+00 1.111E+03 5.541E+34     
 3.343E+00 0.000E+00 5.400E-01 1.620E-02 3.000E+00 1.111E+03 5.541E+34     
 3.383E+00 0.000E+00 6.100E-01 1.830E-02 3.000E+00 1.111E+03 5.541E+34     
 3.423E+00 0.000E+00 6.900E-01 2.070E-02 3.000E+00 1.111E+03 5.541E+34     
 3.463E+00 0.000E+00 8.100E-01 2.430E-02 3.000E+00 1.111E+03 5.541E+34     
 3.503E+00 0.000E+00 9.100E-01 2.730E-02 3.000E+00 1.111E+03 5.541E+34     
 3.544E+00 0.000E+00 1.010E+00 3.030E-02 3.000E+00 1.111E+03 5.541E+34     
 3.585E+00 0.000E+00 1.150E+00 3.450E-02 3.000E+00 1.111E+03 5.541E+34     
 3.626E+00 0.000E+00 1.310E+00 3.930E-02 3.000E+00 1.111E+03 5.541E+34     
 3.667E+00 0.000E+00 1.460E+00 4.380E-02 3.000E+00 1.111E+03 5.541E+34     
 3.708E+00 0.000E+00 1.620E+00 4.860E-02 3.000E+00 1.111E+03 5.541E+34     
 3.750E+00 0.000E+00 1.860E+00 5.580E-02 3.000E+00 1.111E+03 5.541E+34     
 3.792E+00 0.000E+00 2.020E+00 6.060E-02 3.000E+00 1.111E+03 5.541E+34     
 3.834E+00 0.000E+00 2.270E+00 6.810E-02 3.000E+00 1.111E+03 5.541E+34     
 3.877E+00 0.000E+00 2.550E+00 7.650E-02 3.000E+00 1.111E+03 5.541E+34     
 3.919E+00 0.000E+00 2.780E+00 8.340E-02 3.000E+00 1.111E+03 5.541E+34     
 3.962E+00 0.000E+00 3.190E+00 9.570E-02 3.000E+00 1.111E+03 5.541E+34     
 4.005E+00 0.000E+00 3.510E+00 1.053E-01 3.000E+00 1.111E+03 5.541E+34     
 4.049E+00 0.000E+00 3.860E+00 1.158E-01 3.000E+00 1.111E+03 5.541E+34     
 4.092E+00 0.000E+00 4.370E+00 1.311E-01 3.000E+00 1.111E+03 5.541E+34     
 4.136E+00 0.000E+00 4.690E+00 1.407E-01 3.000E+00 1.111E+03 5.541E+34     
 4.180E+00 0.000E+00 5.280E+00 1.584E-01 3.000E+00 1.111E+03 5.541E+34     
 4.224E+00 0.000E+00 5.700E+00 1.710E-01 3.000E+00 1.111E+03 5.541E+34     
 4.269E+00 0.000E+00 6.340E+00 1.902E-01 3.000E+00 1.111E+03 5.541E+34     
 4.314E+00 0.000E+00 6.820E+00 2.046E-01 3.000E+00 1.111E+03 5.541E+34     
 4.359E+00 0.000E+00 7.560E+00 2.268E-01 3.000E+00 1.111E+03 5.541E+34     
 4.404E+00 0.000E+00 8.130E+00 2.439E-01 3.000E+00 1.111E+03 5.541E+34     
 4.449E+00 0.000E+00 9.190E+00 2.757E-01 3.000E+00 1.111E+03 5.541E+34     
 4.495E+00 0.000E+00 9.830E+00 2.949E-01 3.000E+00 1.111E+03 5.541E+34     
 4.540E+00 0.000E+00 1.089E+01 3.267E-01 3.000E+00 1.111E+03 5.541E+34     
 4.587E+00 0.000E+00 1.170E+01 3.510E-01 3.000E+00 1.111E+03 5.541E+34     
 4.633E+00 0.000E+00 1.277E+01 3.831E-01 3.000E+00 1.111E+03 5.541E+34     
 4.679E+00 0.000E+00 1.403E+01 4.209E-01 3.000E+00 1.111E+03 5.541E+34     
 4.726E+00 0.000E+00 1.507E+01 4.521E-01 3.000E+00 1.111E+03 5.541E+34     
 4.773E+00 0.000E+00 1.624E+01 4.872E-01 3.000E+00 1.111E+03 5.541E+34     
 4.820E+00 0.000E+00 1.775E+01 5.325E-01 3.000E+00 1.111E+03 5.541E+34     
 4.868E+00 0.000E+00 1.940E+01 5.820E-01 3.000E+00 1.111E+03 5.541E+34     
 4.916E+00 0.000E+00 2.049E+01 6.147E-01 3.000E+00 1.111E+03 5.541E+34     
 4.963E+00 0.000E+00 2.235E+01 6.705E-01 3.000E+00 1.111E+03 5.541E+34     
 5.012E+00 0.000E+00 2.410E+01 7.230E-01 3.000E+00 1.111E+03 5.541E+34     
 5.060E+00 0.000E+00 2.568E+01 7.704E-01 3.000E+00 1.111E+03 5.541E+34     
 5.109E+00 0.000E+00 2.749E+01 8.247E-01 3.000E+00 1.111E+03 5.541E+34     
 5.157E+00 0.000E+00 2.941E+01 8.823E-01 3.000E+00 1.111E+03 5.541E+34     
 5.206E+00 0.000E+00 3.205E+01 9.615E-01 3.000E+00 1.111E+03 5.541E+34     
 5.256E+00 0.000E+00 3.418E+01 1.025E+00 3.000E+00 1.111E+03 5.541E+34     
 5.305E+00 0.000E+00 3.661E+01 1.098E+00 3.000E+00 1.111E+03 5.541E+34     
 5.355E+00 0.000E+00 3.885E+01 1.165E+00 3.000E+00 1.111E+03 5.541E+34     
 5.405E+00 0.000E+00 4.129E+01 1.239E+00 3.000E+00 1.111E+03 5.541E+34     
 5.455E+00 0.000E+00 4.416E+01 1.325E+00 3.000E+00 1.111E+03 5.541E+34     
 5.506E+00 0.000E+00 4.674E+01 1.402E+00 3.000E+00 1.111E+03 5.541E+34     
 5.556E+00 0.000E+00 4.958E+01 1.487E+00 3.000E+00 1.111E+03 5.541E+34     
 5.607E+00 0.000E+00 5.287E+01 1.586E+00 3.000E+00 1.111E+03 5.541E+34     
 5.658E+00 0.000E+00 5.602E+01 1.681E+00 3.000E+00 1.111E+03 5.541E+34     
 5.709E+00 0.000E+00 5.926E+01 1.778E+00 3.000E+00 1.111E+03 5.541E+34     
 5.761E+00 0.000E+00 6.274E+01 1.882E+00 3.000E+00 1.111E+03 5.541E+34     
 5.813E+00 0.000E+00 6.609E+01 1.983E+00 3.000E+00 1.111E+03 5.541E+34     
 5.865E+00 0.000E+00 7.041E+01 2.112E+00 3.000E+00 1.111E+03 5.541E+34     
 5.917E+00 0.000E+00 7.424E+01 2.227E+00 3.000E+00 1.111E+03 5.541E+34     
 5.970E+00 0.000E+00 7.848E+01 2.354E+00 3.000E+00 1.111E+03 5.541E+34     
 6.049E+00 0.000E+00 8.583E+01 2.575E+00 3.000E+00 1.111E+03 5.541E+34     
 6.107E+00 0.000E+00 9.644E+01 2.893E+00 3.000E+00 1.111E+03 5.541E+34     
 6.160E+00 0.000E+00 1.014E+02 3.041E+00 3.000E+00 1.111E+03 5.541E+34     
 6.203E+00 0.000E+00 1.000E+02 3.000E+00 3.000E+00 1.111E+03 5.541E+34     
 6.235E+00 0.000E+00 1.032E+02 3.095E+00 3.000E+00 1.111E+03 5.541E+34     
 6.311E+00 0.000E+00 1.125E+02 3.376E+00 3.000E+00 1.111E+03 5.541E+34     
 6.365E+00 0.000E+00 1.260E+02 3.780E+00 3.000E+00 1.111E+03 5.541E+34     
 6.419E+00 0.000E+00 1.586E+02 4.758E+00 3.000E+00 1.111E+03 5.541E+34     
 6.474E+00 0.000E+00 1.377E+02 4.131E+00 3.000E+00 1.111E+03 5.541E+34     
 6.529E+00 0.000E+00 1.426E+02 4.277E+00 3.000E+00 1.111E+03 5.541E+34     
 6.584E+00 0.000E+00 1.615E+02 4.844E+00 3.000E+00 1.111E+03 5.541E+34     
 6.639E+00 0.000E+00 1.676E+02 5.027E+00 3.000E+00 1.111E+03 5.541E+34     
 6.695E+00 0.000E+00 1.656E+02 4.969E+00 3.000E+00 1.111E+03 5.541E+34     
 6.750E+00 0.000E+00 1.767E+02 5.301E+00 3.000E+00 1.111E+03 5.541E+34     
 6.807E+00 0.000E+00 1.644E+02 4.931E+00 3.000E+00 1.111E+03 5.541E+34     
 6.874E+00 0.000E+00 1.675E+02 5.025E+00 3.000E+00 1.111E+03 5.541E+34     

# Data set         :   4   xs100000.tot   
# Author           : Wing                
# Year             : 1962
# EXFOR subentry   : T0124006 
# Weight           :      1.00000
# Quality          :   
# energy     TALYS      exp       dexp  rel. unc. %   Chi2      C/E   include
 3.200E+00 0.000E+00 4.989E-01 1.497E-02 3.000E+00 1.111E+03 5.541E+34     
 4.900E+00 0.000E+00 1.896E+01 5.688E-01 3.000E+00 1.111E+03 5.541E+34     
 5.000E+00 0.000E+00 2.395E+01 7.185E-01 3.000E+00 1.111E+03 5.541E+34     
 5.100E+00 0.000E+00 3.792E+01 5.987E+00 1.579E+01 4.011E+01 5.541E+34     
 6.000E+00 0.000E+00 9.779E+01 2.934E+00 3.000E+00 1.111E+03 5.541E+34     
 6.100E+00 0.000E+00 1.148E+02 3.443E+00 3.000E+00 1.111E+03 5.541E+34     
 6.400E+00 0.000E+00 1.327E+02 3.982E+00 3.000E+00 1.111E+03 5.541E+34     
 6.900E+00 0.000E+00 1.786E+02 5.359E+00 3.000E+00 1.111E+03 5.541E+34     
 7.100E+00 0.000E+00 2.086E+02 2.994E+01 1.435E+01 4.853E+01 5.541E+34     
 8.000E+00 0.000E+00 2.954E+02 8.861E+00 3.000E+00 1.111E+03 5.541E+34     
 8.100E+00 0.000E+00 3.233E+02 9.699E+00 3.000E+00 1.111E+03 5.541E+34     
 8.700E+00 0.000E+00 3.742E+02 1.123E+01 3.000E+00 1.111E+03 5.541E+34     
 8.900E+00 0.000E+00 4.171E+02 1.251E+01 3.000E+00 1.111E+03 5.541E+34     
 9.000E+00 0.000E+00 4.391E+02 1.317E+01 3.000E+00 1.111E+03 5.541E+34     
 9.000E+00 0.000E+00 4.201E+02 1.260E+01 3.000E+00 1.111E+03 5.541E+34     
 9.450E+00 0.000E+00 4.880E+02 1.464E+01 3.000E+00 1.111E+03 5.541E+34     
 9.850E+00 0.000E+00 5.199E+02 1.560E+01 3.000E+00 1.111E+03 5.541E+34     
 1.016E+01 0.000E+00 5.199E+02 6.586E+01 1.267E+01 6.231E+01 5.541E+34     
 1.033E+01 0.000E+00 5.608E+02 1.682E+01 3.000E+00 1.111E+03 5.541E+34     
 1.035E+01 0.000E+00 5.748E+02 1.724E+01 3.000E+00 1.111E+03 5.541E+34     
 1.043E+01 0.000E+00 5.887E+02 1.766E+01 3.000E+00 1.111E+03 5.541E+34     
 1.045E+01 0.000E+00 5.877E+02 1.763E+01 3.000E+00 1.111E+03 5.541E+34     
 1.050E+01 0.000E+00 5.798E+02 1.739E+01 3.000E+00 1.111E+03 5.541E+34     

# Channel          : xs100000.tot   
# Frms limit       : 1.000E+30
# Chi2 limit       : 1.000E+30
# Fracmax          : 3.000E-02
# xs (mb) limit    : 1.000E-01

# Data set         :   1   xs100000.tot   
# Author           : Blaser              
# Year             : 1951
# EXFOR subentry   : B0048007 
# Weight           :      0.00000
# Quality          :   
# energy     TALYS      exp       dexp  rel. unc. %   Chi2      C/E   include
 3.310E+00 0.000E+00 6.900E-01 2.070E-02 3.000E+00 1.111E+03 5.541E+34     
 3.840E+00 0.000E+00 3.100E+00 9.300E-02 3.000E+00 1.111E+03 5.541E+34     
 4.080E+00 0.000E+00 5.300E+00 1.590E-01 3.000E+00 1.111E+03 5.541E+34     
 4.270E+00 0.000E+00 8.200E+00 2.460E-01 3.000E+00 1.111E+03 5.541E+34     
 4.380E+00 0.000E+00 1.000E+01 3.000E-01 3.000E+00 1.111E+03 5.541E+34     
 4.480E+00 0.000E+00 1.200E+01 3.600E-01 3.000E+00 1.111E+03 5.541E+34     
 4.590E+00 0.000E+00 1.500E+01 4.500E-01 3.000E+00 1.111E+03 5.541E+34     
 4.690E+00 0.000E+00 1.800E+01 5.400E-01 3.000E+00 1.111E+03 5.541E+34     
 4.790E+00 0.000E+00 2.000E+01 6.000E-01 3.000E+00 1.111E+03 5.541E+34     
 5.010E+00 0.000E+00 2.700E+01 8.100E-01 3.000E+00 1.111E+03 5.541E+34     
 5.180E+00 0.000E+00 3.400E+01 1.020E+00 3.000E+00 1.111E+03 5.541E+34     
 5.360E+00 0.000E+00 4.200E+01 1.260E+00 3.000E+00 1.111E+03 5.541E+34     
 5.540E+00 0.000E+00 5.100E+01 1.530E+00 3.000E+00 1.111E+03 5.541E+34     
 5.720E+00 0.000E+00 6.100E+01 1.830E+00 3.000E+00 1.111E+03 5.541E+34     
 5.900E+00 0.000E+00 7.200E+01 2.160E+00 3.000E+00 1.111E+03 5.541E+34     
 6.080E+00 0.000E+00 8.600E+01 2.580E+00 3.000E+00 1.111E+03 5.541E+34     
 6.240E+00 0.000E+00 1.000E+02 3.000E+00 3.000E+00 1.111E+03 5.541E+34     
 6.400E+00 0.000E+00 1.200E+02 3.600E+00 3.000E+00 1.111E+03 5.541E+34     

# Data set         :   2   xs100000.tot   
# Author           : Colle               
# Year             : 1974
# EXFOR subentry   : B0057004 
# Weight           :      1.00000
# Quality          :   
# energy     TALYS      exp       dexp  rel. unc. %   Chi2      C/E   include
 2.510E+00 0.000E+00 1.900E-02 2.000E-03 1.053E+01 9.025E+01 5.541E+34     
 3.120E+00 0.000E+00 5.200E-01 4.000E-02 7.692E+00 1.690E+02 5.541E+34     
 3.650E+00 0.000E+00 1.820E+00 1.300E-01 7.143E+00 1.960E+02 5.541E+34     
 3.840E+00 0.000E+00 2.520E+00 1.700E-01 6.746E+00 2.197E+02 5.541E+34     
 4.160E+00 0.000E+00 5.160E+00 3.500E-01 6.783E+00 2.174E+02 5.541E+34     
 4.940E+00 0.000E+00 2.440E+01 1.600E+00 6.557E+00 2.326E+02 5.541E+34     
 6.060E+00 0.000E+00 1.010E+02 7.000E+00 6.931E+00 2.082E+02 5.541E+34     
 7.200E+00 0.000E+00 2.160E+02 1.500E+01 6.944E+00 2.074E+02 5.541E+34     
 8.170E+00 0.000E+00 3.310E+02 2.000E+01 6.042E+00 2.739E+02 5.541E+34     
 9.180E+00 0.000E+00 5.210E+02 3.600E+01 6.910E+00 2.094E+02 5.541E+34     
 9.350E+00 0.000E+00 4.950E+02 4.700E+01 9.495E+00 1.109E+02 5.541E+34     
 1.030E+01 0.000E+00 6.060E+02 4.100E+01 6.766E+00 2.185E+02 5.541E+34     
 1.031E+01 0.000E+00 6.440E+02 5.500E+01 8.540E+00 1.371E+02 5.541E+34     
 1.133E+01 0.000E+00 6.640E+02 4.600E+01 6.928E+00 2.084E+02 5.541E+34     
 1.134E+01 0.000E+00 6.800E+02 4.700E+01 6.912E+00 2.093E+02 5.541E+34     
 1.229E+01 0.000E+00 5.480E+02 3.700E+01 6.752E+00 2.194E+02 5.541E+34     
 1.243E+01 0.000E+00 4.960E+02 3.300E+01 6.653E+00 2.259E+02 5.541E+34     
 1.258E+01 0.000E+00 4.910E+02 3.400E+01 6.925E+00 2.085E+02 5.541E+34     
 1.262E+01 0.000E+00 5.180E+02 3.500E+01 6.757E+00 2.190E+02 5.541E+34     
 1.295E+01 0.000E+00 4.600E+02 3.100E+01 6.739E+00 2.202E+02 5.541E+34     
 1.299E+01 0.000E+00 4.490E+02 3.100E+01 6.904E+00 2.098E+02 5.541E+34     
 1.327E+01 0.000E+00 3.860E+02 2.600E+01 6.736E+00 2.204E+02 5.541E+34     
 1.327E+01 0.000E+00 4.020E+02 2.800E+01 6.965E+00 2.061E+02 5.541E+34     
 1.344E+01 0.000E+00 3.690E+02 3.600E+01 9.756E+00 1.051E+02 5.541E+34     
 1.344E+01 0.000E+00 3.730E+02 2.500E+01 6.702E+00 2.226E+02 5.541E+34     
 1.346E+01 0.000E+00 3.900E+02 2.600E+01 6.667E+00 2.250E+02 5.541E+34     
 1.358E+01 0.000E+00 3.700E+02 2.500E+01 6.757E+00 2.190E+02 5.541E+34     
 1.399E+01 0.000E+00 3.140E+02 2.100E+01 6.688E+00 2.236E+02 5.541E+34     
 1.439E+01 0.000E+00 2.670E+02 1.800E+01 6.742E+00 2.200E+02 5.541E+34     
 1.559E+01 0.000E+00 1.540E+02 1.100E+01 7.143E+00 1.960E+02 5.541E+34     
 1.595E+01 0.000E+00 1.440E+02 1.000E+01 6.944E+00 2.074E+02 5.541E+34     
 1.619E+01 0.000E+00 1.320E+02 9.000E+00 6.818E+00 2.151E+02 5.541E+34     
 1.645E+01 0.000E+00 1.100E+02 7.000E+00 6.364E+00 2.469E+02 5.541E+34     
 1.669E+01 0.000E+00 1.040E+02 7.000E+00 6.731E+00 2.207E+02 5.541E+34     
 1.692E+01 0.000E+00 9.640E+01 6.500E+00 6.743E+00 2.200E+02 5.541E+34     
 1.871E+01 0.000E+00 5.480E+01 3.800E+00 6.934E+00 2.080E+02 5.541E+34     
 1.904E+01 0.000E+00 5.110E+01 3.700E+00 7.241E+00 1.907E+02 5.541E+34     
 1.927E+01 0.000E+00 4.850E+01 3.300E+00 6.804E+00 2.160E+02 5.541E+34     
 1.950E+01 0.000E+00 4.600E+01 3.200E+00 6.957E+00 2.066E+02 5.541E+34     
 1.973E+01 0.000E+00 4.730E+01 3.200E+00 6.765E+00 2.185E+02 5.541E+34     
 1.996E+01 0.000E+00 5.090E+01 3.500E+00 6.876E+00 2.115E+02 5.541E+34     

# Data set         :   3   xs100000.tot   
# Author           : Hershberger         
# Year             : 1980
# EXFOR subentry   : C0529002 
# Weight           :      1.00000
# Quality          :   
# energy     TALYS      exp       dexp  rel. unc. %   Chi2      C/E   include
 2.959E+00 0.000E+00 1.200E-01 4.056E-03 3.380E+00 8.753E+02 5.541E+34     
 2.996E+00 0.000E+00 1.400E-01 4.270E-03 3.050E+00 1.075E+03 5.541E+34     
 3.034E+00 0.000E+00 1.700E-01 5.100E-03 3.000E+00 1.111E+03 5.541E+34     
 3.072E+00 0.000E+00 2.000E-01 6.000E-03 3.000E+00 1.111E+03 5.541E+34     
 3.110E+00 0.000E+00 2.400E-01 7.200E-03 3.000E+00 1.111E+03 5.541E+34     
 3.148E+00 0.000E+00 2.600E-01 7.800E-03 3.000E+00 1.111E+03 5.541E+34     
 3.187E+00 0.000E+00 3.200E-01 9.600E-03 3.000E+00 1.111E+03 5.541E+34     
 3.226E+00 0.000E+00 3.700E-01 1.110E-02 3.000E+00 1.111E+03 5.541E+34     
 3.265E+00 0.000E+00 4.300E-01 1.290E-02 3.000E+00 1.111E+03 5.541E+34     
 3.304E+00 0.000E+00 4.800E-01 1.440E-02 3.000E+00 1.111E+03 5.541E+34     
 3.343E+00 0.000E+00 5.400E-01 1.620E-02 3.000E+00 1.111E+03 5.541E+34     
 3.383E+00 0.000E+00 6.100E-01 1.830E-02 3.000E+00 1.111E+03 5.541E+34     
 3.423E+00 0.000E+00 6.900E-01 2.070E-02 3.000E+00 1.111E+03 5.541E+34     
 3.463E+00 0.000E+00 8.100E-01 2.430E-02 3.000E+00 1.111E+03 5.541E+34     
 3.503E+00 0.000E+00 9.100E-01 2.730E-02 3.000E+00 1.111E+03 5.541E+34     
 3.544E+00 0.000E+00 1.010E+00 3.030E-02 3.000E+00 1.111E+03 5.541E+34     
 3.585E+00 0.000E+00 1.150E+00 3.450E-02 3.000E+00 1.111E+03 5.541E+34     
 3.626E+00 0.000E+00 1.310E+00 3.930E-02 3.000E+00 1.111E+03 5.541E+34     
 3.667E+00 0.000E+00 1.460E+00 4.380E-02 3.000E+00 1.111E+03 5.541E+34     
 3.708E+00 0.000E+00 1.620E+00 4.860E-02 3.000E+00 1.111E+03 5.541E+34     
 3.750E+00 0.000E+00 1.860E+00 5.580E-02 3.000E+00 1.111E+03 5.541E+34     
 3.792E+00 0.000E+00 2.020E+00 6.060E-02 3.000E+00 1.111E+03 5.541E+34     
 3.834E+00 0.000E+00 2.270E+00 6.810E-02 3.000E+00 1.111E+03 5.541E+34     
 3.877E+00 0.000E+00 2.550E+00 7.650E-02 3.000E+00 1.111E+03 5.541E+34     
 3.919E+00 0.000E+00 2.780E+00 8.340E-02 3.000E+00 1.111E+03 5.541E+34     
 3.962E+00 0.000E+00 3.190E+00 9.570E-02 3.000E+00 1.111E+03 5.541E+34     
 4.005E+00 0.000E+00 3.510E+00 1.053E-01 3.000E+00 1.111E+03 5.541E+34     
 4.049E+00 0.000E+00 3.860E+00 1.158E-01 3.000E+00 1.111E+03 5.541E+34     
 4.092E+00 0.000E+00 4.370E+00 1.311E-01 3.000E+00 1.111E+03 5.541E+34     
 4.136E+00 0.000E+00 4.690E+00 1.407E-01 3.000E+00 1.111E+03 5.541E+34     
 4.180E+00 0.000E+00 5.280E+00 1.584E-01 3.000E+00 1.111E+03 5.541E+34     
 4.224E+00 0.000E+00 5.700E+00 1.710E-01 3.000E+00 1.111E+03 5.541E+34     
 4.269E+00 0.000E+00 6.340E+00 1.902E-01 3.000E+00 1.111E+03 5.541E+34     
 4.314E+00 0.000E+00 6.820E+00 2.046E-01 3.000E+00 1.111E+03 5.541E+34     
 4.359E+00 0.000E+00 7.560E+00 2.268E-01 3.000E+00 1.111E+03 5.541E+34     
 4.404E+00 0.000E+00 8.130E+00 2.439E-01 3.000E+00 1.111E+03 5.541E+34     
 4.449E+00 0.000E+00 9.190E+00 2.757E-01 3.000E+00 1.111E+03 5.541E+34     
 4.495E+00 0.000E+00 9.830E+00 2.949E-01 3.000E+00 1.111E+03 5.541E+34     
 4.540E+00 0.000E+00 1.089E+01 3.267E-01 3.000E+00 1.111E+03 5.541E+34     
 4.587E+00 0.000E+00 1.170E+01 3.510E-01 3.000E+00 1.111E+03 5.541E+34     
 4.633E+00 0.000E+00 1.277E+01 3.831E-01 3.000E+00 1.111E+03 5.541E+34     
 4.679E+00 0.000E+00 1.403E+01 4.209E-01 3.000E+00 1.111E+03 5.541E+34     
 4.726E+00 0.000E+00 1.507E+01 4.521E-01 3.000E+00 1.111E+03 5.541E+34     
 4.773E+00 0.000E+00 1.624E+01 4.872E-01 3.000E+00 1.111E+03 5.541E+34     
 4.820E+00 0.000E+00 1.775E+01 5.325E-01 3.000E+00 1.111E+03 5.541E+34     
 4.868E+00 0.000E+00 1.940E+01 5.820E-01 3.000E+00 1.111E+03 5.541E+34     
 4.916E+00 0.000E+00 2.049E+01 6.147E-01 3.000E+00 1.111E+03 5.541E+34     
 4.963E+00 0.000E+00 2.235E+01 6.705E-01 3.000E+00 1.111E+03 5.541E+34     
 5.012E+00 0.000E+00 2.410E+01 7.230E-01 3.000E+00 1.111E+03 5.541E+34     
 5.060E+00 0.000E+00 2.568E+01 7.704E-01 3.000E+00 1.111E+03 5.541E+34     
 5.109E+00 0.000E+00 2.749E+01 8.247E-01 3.000E+00 1.111E+03 5.541E+34     
 5.157E+00 0.000E+00 2.941E+01 8.823E-01 3.000E+00 1.111E+03 5.541E+34     
 5.206E+00 0.000E+00 3.205E+01 9.615E-01 3.000E+00 1.111E+03 5.541E+34     
 5.256E+00 0.000E+00 3.418E+01 1.025E+00 3.000E+00 1.111E+03 5.541E+34     
 5.305E+00 0.000E+00 3.661E+01 1.098E+00 3.000E+00 1.111E+03 5.541E+34     
 5.355E+00 0.000E+00 3.885E+01 1.165E+00 3.000E+00 1.111E+03 5.541E+34     
 5.405E+00 0.000E+00 4.129E+01 1.239E+00 3.000E+00 1.111E+03 5.541E+34     
 5.455E+00 0.000E+00 4.416E+01 1.325E+00 3.000E+00 1.111E+03 5.541E+34     
 5.506E+00 0.000E+00 4.674E+01 1.402E+00 3.000E+00 1.111E+03 5.541E+34     
 5.556E+00 0.000E+00 4.958E+01 1.487E+00 3.000E+00 1.111E+03 5.541E+34     
 5.607E+00 0.000E+00 5.287E+01 1.586E+00 3.000E+00 1.111E+03 5.541E+34     
 5.658E+00 0.000E+00 5.602E+01 1.681E+00 3.000E+00 1.111E+03 5.541E+34     
 5.709E+00 0.000E+00 5.926E+01 1.778E+00 3.000E+00 1.111E+03 5.541E+34     
 5.761E+00 0.000E+00 6.274E+01 1.882E+00 3.000E+00 1.111E+03 5.541E+34     
 5.813E+00 0.000E+00 6.609E+01 1.983E+00 3.000E+00 1.111E+03 5.541E+34     
 5.865E+00 0.000E+00 7.041E+01 2.112E+00 3.000E+00 1.111E+03 5.541E+34     
 5.917E+00 0.000E+00 7.424E+01 2.227E+00 3.000E+00 1.111E+03 5.541E+34     
 5.970E+00 0.000E+00 7.848E+01 2.354E+00 3.000E+00 1.111E+03 5.541E+34     
 6.049E+00 0.000E+00 8.583E+01 2.575E+00 3.000E+00 1.111E+03 5.541E+34     
 6.107E+00 0.000E+00 9.644E+01 2.893E+00 3.000E+00 1.111E+03 5.541E+34     
 6.160E+00 0.000E+00 1.014E+02 3.041E+00 3.000E+00 1.111E+03 5.541E+34     
 6.203E+00 0.000E+00 1.000E+02 3.000E+00 3.000E+00 1.111E+03 5.541E+34     
 6.235E+00 0.000E+00 1.032E+02 3.095E+00 3.000E+00 1.111E+03 5.541E+34     
 6.311E+00 0.000E+00 1.125E+02 3.376E+00 3.000E+00 1.111E+03 5.541E+34     
 6.365E+00 0.000E+00 1.260E+02 3.780E+00 3.000E+00 1.111E+03 5.541E+34     
 6.419E+00 0.000E+00 1.586E+02 4.758E+00 3.000E+00 1.111E+03 5.541E+34     
 6.474E+00 0.000E+00 1.377E+02 4.131E+00 3.000E+00 1.111E+03 5.541E+34     
 6.529E+00 0.000E+00 1.426E+02 4.277E+00 3.000E+00 1.111E+03 5.541E+34     
 6.584E+00 0.000E+00 1.615E+02 4.844E+00 3.000E+00 1.111E+03 5.541E+34     
 6.639E+00 0.000E+00 1.676E+02 5.027E+00 3.000E+00 1.111E+03 5.541E+34     
 6.695E+00 0.000E+00 1.656E+02 4.969E+00 3.000E+00 1.111E+03 5.541E+34     
 6.750E+00 0.000E+00 1.767E+02 5.301E+00 3.000E+00 1.111E+03 5.541E+34     
 6.807E+00 0.000E+00 1.644E+02 4.931E+00 3.000E+00 1.111E+03 5.541E+34     
 6.874E+00 0.000E+00 1.675E+02 5.025E+00 3.000E+00 1.111E+03 5.541E+34     

# Data set         :   4   xs100000.tot   
# Author           : Wing                
# Year             : 1962
# EXFOR subentry   : T0124006 
# Weight           :      1.00000
# Quality          :   
# energy     TALYS      exp       dexp  rel. unc. %   Chi2      C/E   include
 3.200E+00 0.000E+00 4.989E-01 1.497E-02 3.000E+00 1.111E+03 5.541E+34     
 4.900E+00 0.000E+00 1.896E+01 5.688E-01 3.000E+00 1.111E+03 5.541E+34     
 5.000E+00 0.000E+00 2.395E+01 7.185E-01 3.000E+00 1.111E+03 5.541E+34     
 5.100E+00 0.000E+00 3.792E+01 5.987E+00 1.579E+01 4.011E+01 5.541E+34     
 6.000E+00 0.000E+00 9.779E+01 2.934E+00 3.000E+00 1.111E+03 5.541E+34     
 6.100E+00 0.000E+00 1.148E+02 3.443E+00 3.000E+00 1.111E+03 5.541E+34     
 6.400E+00 0.000E+00 1.327E+02 3.982E+00 3.000E+00 1.111E+03 5.541E+34     
 6.900E+00 0.000E+00 1.786E+02 5.359E+00 3.000E+00 1.111E+03 5.541E+34     
 7.100E+00 0.000E+00 2.086E+02 2.994E+01 1.435E+01 4.853E+01 5.541E+34     
 8.000E+00 0.000E+00 2.954E+02 8.861E+00 3.000E+00 1.111E+03 5.541E+34     
 8.100E+00 0.000E+00 3.233E+02 9.699E+00 3.000E+00 1.111E+03 5.541E+34     
 8.700E+00 0.000E+00 3.742E+02 1.123E+01 3.000E+00 1.111E+03 5.541E+34     
 8.900E+00 0.000E+00 4.171E+02 1.251E+01 3.000E+00 1.111E+03 5.541E+34     
 9.000E+00 0.000E+00 4.391E+02 1.317E+01 3.000E+00 1.111E+03 5.541E+34     
 9.000E+00 0.000E+00 4.201E+02 1.260E+01 3.000E+00 1.111E+03 5.541E+34     
 9.450E+00 0.000E+00 4.880E+02 1.464E+01 3.000E+00 1.111E+03 5.541E+34     
 9.850E+00 0.000E+00 5.199E+02 1.560E+01 3.000E+00 1.111E+03 5.541E+34     
 1.016E+01 0.000E+00 5.199E+02 6.586E+01 1.267E+01 6.231E+01 5.541E+34     
 1.033E+01 0.000E+00 5.608E+02 1.682E+01 3.000E+00 1.111E+03 5.541E+34     
 1.035E+01 0.000E+00 5.748E+02 1.724E+01 3.000E+00 1.111E+03 5.541E+34     
 1.043E+01 0.000E+00 5.887E+02 1.766E+01 3.000E+00 1.111E+03 5.541E+34     
 1.045E+01 0.000E+00 5.877E+02 1.763E+01 3.000E+00 1.111E+03 5.541E+34     
 1.050E+01 0.000E+00 5.798E+02 1.739E+01 3.000E+00 1.111E+03 5.541E+34     

# Channel          : xs100000.tot   
# Frms limit       : 1.000E+30
# Chi2 limit       : 1.000E+30
# Fracmax          : 3.000E-02
# xs (mb) limit    : 1.000E-01

# Data set         :   1   xs100000.tot   
# Author           : Blaser              
# Year             : 1951
# EXFOR subentry   : B0048007 
# Weight           :      0.00000
# Quality          :   
# energy     TALYS      exp       dexp  rel. unc. %   Chi2      C/E   include
 3.310E+00 0.000E+00 6.900E-01 2.070E-02 3.000E+00 1.111E+03 5.541E+34     
 3.840E+00 0.000E+00 3.100E+00 9.300E-02 3.000E+00 1.111E+03 5.541E+34     
 4.080E+00 0.000E+00 5.300E+00 1.590E-01 3.000E+00 1.111E+03 5.541E+34     
 4.270E+00 0.000E+00 8.200E+00 2.460E-01 3.000E+00 1.111E+03 5.541E+34     
 4.380E+00 0.000E+00 1.000E+01 3.000E-01 3.000E+00 1.111E+03 5.541E+34     
 4.480E+00 0.000E+00 1.200E+01 3.600E-01 3.000E+00 1.111E+03 5.541E+34     
 4.590E+00 0.000E+00 1.500E+01 4.500E-01 3.000E+00 1.111E+03 5.541E+34     
 4.690E+00 0.000E+00 1.800E+01 5.400E-01 3.000E+00 1.111E+03 5.541E+34     
 4.790E+00 0.000E+00 2.000E+01 6.000E-01 3.000E+00 1.111E+03 5.541E+34     
 5.010E+00 0.000E+00 2.700E+01 8.100E-01 3.000E+00 1.111E+03 5.541E+34     
 5.180E+00 0.000E+00 3.400E+01 1.020E+00 3.000E+00 1.111E+03 5.541E+34     
 5.360E+00 0.000E+00 4.200E+01 1.260E+00 3.000E+00 1.111E+03 5.541E+34     
 5.540E+00 0.000E+00 5.100E+01 1.530E+00 3.000E+00 1.111E+03 5.541E+34     
 5.720E+00 0.000E+00 6.100E+01 1.830E+00 3.000E+00 1.111E+03 5.541E+34     
 5.900E+00 0.000E+00 7.200E+01 2.160E+00 3.000E+00 1.111E+03 5.541E+34     
 6.080E+00 0.000E+00 8.600E+01 2.580E+00 3.000E+00 1.111E+03 5.541E+34     
 6.240E+00 0.000E+00 1.000E+02 3.000E+00 3.000E+00 1.111E+03 5.541E+34     
 6.400E+00 0.000E+00 1.200E+02 3.600E+00 3.000E+00 1.111E+03 5.541E+34     

# Data set         :   2   xs100000.tot   
# Author           : Colle               
# Year             : 1974
# EXFOR subentry   : B0057004 
# Weight           :      1.00000
# Quality          :   
# energy     TALYS      exp       dexp  rel. unc. %   Chi2      C/E   include
 2.510E+00 0.000E+00 1.900E-02 2.000E-03 1.053E+01 9.025E+01 5.541E+34     
 3.120E+00 0.000E+00 5.200E-01 4.000E-02 7.692E+00 1.690E+02 5.541E+34     
 3.650E+00 0.000E+00 1.820E+00 1.300E-01 7.143E+00 1.960E+02 5.541E+34     
 3.840E+00 0.000E+00 2.520E+00 1.700E-01 6.746E+00 2.197E+02 5.541E+34     
 4.160E+00 0.000E+00 5.160E+00 3.500E-01 6.783E+00 2.174E+02 5.541E+34     
 4.940E+00 0.000E+00 2.440E+01 1.600E+00 6.557E+00 2.326E+02 5.541E+34     
 6.060E+00 0.000E+00 1.010E+02 7.000E+00 6.931E+00 2.082E+02 5.541E+34     
 7.200E+00 0.000E+00 2.160E+02 1.500E+01 6.944E+00 2.074E+02 5.541E+34     
 8.170E+00 0.000E+00 3.310E+02 2.000E+01 6.042E+00 2.739E+02 5.541E+34     
 9.180E+00 0.000E+00 5.210E+02 3.600E+01 6.910E+00 2.094E+02 5.541E+34     
 9.350E+00 0.000E+00 4.950E+02 4.700E+01 9.495E+00 1.109E+02 5.541E+34     
 1.030E+01 0.000E+00 6.060E+02 4.100E+01 6.766E+00 2.185E+02 5.541E+34     
 1.031E+01 0.000E+00 6.440E+02 5.500E+01 8.540E+00 1.371E+02 5.541E+34     
 1.133E+01 0.000E+00 6.640E+02 4.600E+01 6.928E+00 2.084E+02 5.541E+34     
 1.134E+01 0.000E+00 6.800E+02 4.700E+01 6.912E+00 2.093E+02 5.541E+34     
 1.229E+01 0.000E+00 5.480E+02 3.700E+01 6.752E+00 2.194E+02 5.541E+34     
 1.243E+01 0.000E+00 4.960E+02 3.300E+01 6.653E+00 2.259E+02 5.541E+34     
 1.258E+01 0.000E+00 4.910E+02 3.400E+01 6.925E+00 2.085E+02 5.541E+34     
 1.262E+01 0.000E+00 5.180E+02 3.500E+01 6.757E+00 2.190E+02 5.541E+34     
 1.295E+01 0.000E+00 4.600E+02 3.100E+01 6.739E+00 2.202E+02 5.541E+34     
 1.299E+01 0.000E+00 4.490E+02 3.100E+01 6.904E+00 2.098E+02 5.541E+34     
 1.327E+01 0.000E+00 3.860E+02 2.600E+01 6.736E+00 2.204E+02 5.541E+34     
 1.327E+01 0.000E+00 4.020E+02 2.800E+01 6.965E+00 2.061E+02 5.541E+34     
 1.344E+01 0.000E+00 3.690E+02 3.600E+01 9.756E+00 1.051E+02 5.541E+34     
 1.344E+01 0.000E+00 3.730E+02 2.500E+01 6.702E+00 2.226E+02 5.541E+34     
 1.346E+01 0.000E+00 3.900E+02 2.600E+01 6.667E+00 2.250E+02 5.541E+34     
 1.358E+01 0.000E+00 3.700E+02 2.500E+01 6.757E+00 2.190E+02 5.541E+34     
 1.399E+01 0.000E+00 3.140E+02 2.100E+01 6.688E+00 2.236E+02 5.541E+34     
 1.439E+01 0.000E+00 2.670E+02 1.800E+01 6.742E+00 2.200E+02 5.541E+34     
 1.559E+01 0.000E+00 1.540E+02 1.100E+01 7.143E+00 1.960E+02 5.541E+34     
 1.595E+01 0.000E+00 1.440E+02 1.000E+01 6.944E+00 2.074E+02 5.541E+34     
 1.619E+01 0.000E+00 1.320E+02 9.000E+00 6.818E+00 2.151E+02 5.541E+34     
 1.645E+01 0.000E+00 1.100E+02 7.000E+00 6.364E+00 2.469E+02 5.541E+34     
 1.669E+01 0.000E+00 1.040E+02 7.000E+00 6.731E+00 2.207E+02 5.541E+34     
 1.692E+01 0.000E+00 9.640E+01 6.500E+00 6.743E+00 2.200E+02 5.541E+34     
 1.871E+01 0.000E+00 5.480E+01 3.800E+00 6.934E+00 2.080E+02 5.541E+34     
 1.904E+01 0.000E+00 5.110E+01 3.700E+00 7.241E+00 1.907E+02 5.541E+34     
 1.927E+01 0.000E+00 4.850E+01 3.300E+00 6.804E+00 2.160E+02 5.541E+34     
 1.950E+01 0.000E+00 4.600E+01 3.200E+00 6.957E+00 2.066E+02 5.541E+34     
 1.973E+01 0.000E+00 4.730E+01 3.200E+00 6.765E+00 2.185E+02 5.541E+34     
 1.996E+01 0.000E+00 5.090E+01 3.500E+00 6.876E+00 2.115E+02 5.541E+34     

# Data set         :   3   xs100000.tot   
# Author           : Hershberger         
# Year             : 1980
# EXFOR subentry   : C0529002 
# Weight           :      1.00000
# Quality          :   
# energy     TALYS      exp       dexp  rel. unc. %   Chi2      C/E   include
 2.959E+00 0.000E+00 1.200E-01 4.056E-03 3.380E+00 8.753E+02 5.541E+34     
 2.996E+00 0.000E+00 1.400E-01 4.270E-03 3.050E+00 1.075E+03 5.541E+34     
 3.034E+00 0.000E+00 1.700E-01 5.100E-03 3.000E+00 1.111E+03 5.541E+34     
 3.072E+00 0.000E+00 2.000E-01 6.000E-03 3.000E+00 1.111E+03 5.541E+34     
 3.110E+00 0.000E+00 2.400E-01 7.200E-03 3.000E+00 1.111E+03 5.541E+34     
 3.148E+00 0.000E+00 2.600E-01 7.800E-03 3.000E+00 1.111E+03 5.541E+34     
 3.187E+00 0.000E+00 3.200E-01 9.600E-03 3.000E+00 1.111E+03 5.541E+34     
 3.226E+00 0.000E+00 3.700E-01 1.110E-02 3.000E+00 1.111E+03 5.541E+34     
 3.265E+00 0.000E+00 4.300E-01 1.290E-02 3.000E+00 1.111E+03 5.541E+34     
 3.304E+00 0.000E+00 4.800E-01 1.440E-02 3.000E+00 1.111E+03 5.541E+34     
 3.343E+00 0.000E+00 5.400E-01 1.620E-02 3.000E+00 1.111E+03 5.541E+34     
 3.383E+00 0.000E+00 6.100E-01 1.830E-02 3.000E+00 1.111E+03 5.541E+34     
 3.423E+00 0.000E+00 6.900E-01 2.070E-02 3.000E+00 1.111E+03 5.541E+34     
 3.463E+00 0.000E+00 8.100E-01 2.430E-02 3.000E+00 1.111E+03 5.541E+34     
 3.503E+00 0.000E+00 9.100E-01 2.730E-02 3.000E+00 1.111E+03 5.541E+34     
 3.544E+00 0.000E+00 1.010E+00 3.030E-02 3.000E+00 1.111E+03 5.541E+34     
 3.585E+00 0.000E+00 1.150E+00 3.450E-02 3.000E+00 1.111E+03 5.541E+34     
 3.626E+00 0.000E+00 1.310E+00 3.930E-02 3.000E+00 1.111E+03 5.541E+34     
 3.667E+00 0.000E+00 1.460E+00 4.380E-02 3.000E+00 1.111E+03 5.541E+34     
 3.708E+00 0.000E+00 1.620E+00 4.860E-02 3.000E+00 1.111E+03 5.541E+34     
 3.750E+00 0.000E+00 1.860E+00 5.580E-02 3.000E+00 1.111E+03 5.541E+34     
 3.792E+00 0.000E+00 2.020E+00 6.060E-02 3.000E+00 1.111E+03 5.541E+34     
 3.834E+00 0.000E+00 2.270E+00 6.810E-02 3.000E+00 1.111E+03 5.541E+34     
 3.877E+00 0.000E+00 2.550E+00 7.650E-02 3.000E+00 1.111E+03 5.541E+34     
 3.919E+00 0.000E+00 2.780E+00 8.340E-02 3.000E+00 1.111E+03 5.541E+34     
 3.962E+00 0.000E+00 3.190E+00 9.570E-02 3.000E+00 1.111E+03 5.541E+34     
 4.005E+00 0.000E+00 3.510E+00 1.053E-01 3.000E+00 1.111E+03 5.541E+34     
 4.049E+00 0.000E+00 3.860E+00 1.158E-01 3.000E+00 1.111E+03 5.541E+34     
 4.092E+00 0.000E+00 4.370E+00 1.311E-01 3.000E+00 1.111E+03 5.541E+34     
 4.136E+00 0.000E+00 4.690E+00 1.407E-01 3.000E+00 1.111E+03 5.541E+34     
 4.180E+00 0.000E+00 5.280E+00 1.584E-01 3.000E+00 1.111E+03 5.541E+34     
 4.224E+00 0.000E+00 5.700E+00 1.710E-01 3.000E+00 1.111E+03 5.541E+34     
 4.269E+00 0.000E+00 6.340E+00 1.902E-01 3.000E+00 1.111E+03 5.541E+34     
 4.314E+00 0.000E+00 6.820E+00 2.046E-01 3.000E+00 1.111E+03 5.541E+34     
 4.359E+00 0.000E+00 7.560E+00 2.268E-01 3.000E+00 1.111E+03 5.541E+34     
 4.404E+00 0.000E+00 8.130E+00 2.439E-01 3.000E+00 1.111E+03 5.541E+34     
 4.449E+00 0.000E+00 9.190E+00 2.757E-01 3.000E+00 1.111E+03 5.541E+34     
 4.495E+00 0.000E+00 9.830E+00 2.949E-01 3.000E+00 1.111E+03 5.541E+34     
 4.540E+00 0.000E+00 1.089E+01 3.267E-01 3.000E+00 1.111E+03 5.541E+34     
 4.587E+00 0.000E+00 1.170E+01 3.510E-01 3.000E+00 1.111E+03 5.541E+34     
 4.633E+00 0.000E+00 1.277E+01 3.831E-01 3.000E+00 1.111E+03 5.541E+34     
 4.679E+00 0.000E+00 1.403E+01 4.209E-01 3.000E+00 1.111E+03 5.541E+34     
 4.726E+00 0.000E+00 1.507E+01 4.521E-01 3.000E+00 1.111E+03 5.541E+34     
 4.773E+00 0.000E+00 1.624E+01 4.872E-01 3.000E+00 1.111E+03 5.541E+34     
 4.820E+00 0.000E+00 1.775E+01 5.325E-01 3.000E+00 1.111E+03 5.541E+34     
 4.868E+00 0.000E+00 1.940E+01 5.820E-01 3.000E+00 1.111E+03 5.541E+34     
 4.916E+00 0.000E+00 2.049E+01 6.147E-01 3.000E+00 1.111E+03 5.541E+34     
 4.963E+00 0.000E+00 2.235E+01 6.705E-01 3.000E+00 1.111E+03 5.541E+34     
 5.012E+00 0.000E+00 2.410E+01 7.230E-01 3.000E+00 1.111E+03 5.541E+34     
 5.060E+00 0.000E+00 2.568E+01 7.704E-01 3.000E+00 1.111E+03 5.541E+34     
 5.109E+00 0.000E+00 2.749E+01 8.247E-01 3.000E+00 1.111E+03 5.541E+34     
 5.157E+00 0.000E+00 2.941E+01 8.823E-01 3.000E+00 1.111E+03 5.541E+34     
 5.206E+00 0.000E+00 3.205E+01 9.615E-01 3.000E+00 1.111E+03 5.541E+34     
 5.256E+00 0.000E+00 3.418E+01 1.025E+00 3.000E+00 1.111E+03 5.541E+34     
 5.305E+00 0.000E+00 3.661E+01 1.098E+00 3.000E+00 1.111E+03 5.541E+34     
 5.355E+00 0.000E+00 3.885E+01 1.165E+00 3.000E+00 1.111E+03 5.541E+34     
 5.405E+00 0.000E+00 4.129E+01 1.239E+00 3.000E+00 1.111E+03 5.541E+34     
 5.455E+00 0.000E+00 4.416E+01 1.325E+00 3.000E+00 1.111E+03 5.541E+34     
 5.506E+00 0.000E+00 4.674E+01 1.402E+00 3.000E+00 1.111E+03 5.541E+34     
 5.556E+00 0.000E+00 4.958E+01 1.487E+00 3.000E+00 1.111E+03 5.541E+34     
 5.607E+00 0.000E+00 5.287E+01 1.586E+00 3.000E+00 1.111E+03 5.541E+34     
 5.658E+00 0.000E+00 5.602E+01 1.681E+00 3.000E+00 1.111E+03 5.541E+34     
 5.709E+00 0.000E+00 5.926E+01 1.778E+00 3.000E+00 1.111E+03 5.541E+34     
 5.761E+00 0.000E+00 6.274E+01 1.882E+00 3.000E+00 1.111E+03 5.541E+34     
 5.813E+00 0.000E+00 6.609E+01 1.983E+00 3.000E+00 1.111E+03 5.541E+34     
 5.865E+00 0.000E+00 7.041E+01 2.112E+00 3.000E+00 1.111E+03 5.541E+34     
 5.917E+00 0.000E+00 7.424E+01 2.227E+00 3.000E+00 1.111E+03 5.541E+34     
 5.970E+00 0.000E+00 7.848E+01 2.354E+00 3.000E+00 1.111E+03 5.541E+34     
 6.049E+00 0.000E+00 8.583E+01 2.575E+00 3.000E+00 1.111E+03 5.541E+34     
 6.107E+00 0.000E+00 9.644E+01 2.893E+00 3.000E+00 1.111E+03 5.541E+34     
 6.160E+00 0.000E+00 1.014E+02 3.041E+00 3.000E+00 1.111E+03 5.541E+34     
 6.203E+00 0.000E+00 1.000E+02 3.000E+00 3.000E+00 1.111E+03 5.541E+34     
 6.235E+00 0.000E+00 1.032E+02 3.095E+00 3.000E+00 1.111E+03 5.541E+34     
 6.311E+00 0.000E+00 1.125E+02 3.376E+00 3.000E+00 1.111E+03 5.541E+34     
 6.365E+00 0.000E+00 1.260E+02 3.780E+00 3.000E+00 1.111E+03 5.541E+34     
 6.419E+00 0.000E+00 1.586E+02 4.758E+00 3.000E+00 1.111E+03 5.541E+34     
 6.474E+00 0.000E+00 1.377E+02 4.131E+00 3.000E+00 1.111E+03 5.541E+34     
 6.529E+00 0.000E+00 1.426E+02 4.277E+00 3.000E+00 1.111E+03 5.541E+34     
 6.584E+00 0.000E+00 1.615E+02 4.844E+00 3.000E+00 1.111E+03 5.541E+34     
 6.639E+00 0.000E+00 1.676E+02 5.027E+00 3.000E+00 1.111E+03 5.541E+34     
 6.695E+00 0.000E+00 1.656E+02 4.969E+00 3.000E+00 1.111E+03 5.541E+34     
 6.750E+00 0.000E+00 1.767E+02 5.301E+00 3.000E+00 1.111E+03 5.541E+34     
 6.807E+00 0.000E+00 1.644E+02 4.931E+00 3.000E+00 1.111E+03 5.541E+34     
 6.874E+00 0.000E+00 1.675E+02 5.025E+00 3.000E+00 1.111E+03 5.541E+34     

# Data set         :   4   xs100000.tot   
# Author           : Wing                
# Year             : 1962
# EXFOR subentry   : T0124006 
# Weight           :      1.00000
# Quality          :   
# energy     TALYS      exp       dexp  rel. unc. %   Chi2      C/E   include
 3.200E+00 0.000E+00 4.989E-01 1.497E-02 3.000E+00 1.111E+03 5.541E+34     
 4.900E+00 0.000E+00 1.896E+01 5.688E-01 3.000E+00 1.111E+03 5.541E+34     
 5.000E+00 0.000E+00 2.395E+01 7.185E-01 3.000E+00 1.111E+03 5.541E+34     
 5.100E+00 0.000E+00 3.792E+01 5.987E+00 1.579E+01 4.011E+01 5.541E+34     
 6.000E+00 0.000E+00 9.779E+01 2.934E+00 3.000E+00 1.111E+03 5.541E+34     
 6.100E+00 0.000E+00 1.148E+02 3.443E+00 3.000E+00 1.111E+03 5.541E+34     
 6.400E+00 0.000E+00 1.327E+02 3.982E+00 3.000E+00 1.111E+03 5.541E+34     
 6.900E+00 0.000E+00 1.786E+02 5.359E+00 3.000E+00 1.111E+03 5.541E+34     
 7.100E+00 0.000E+00 2.086E+02 2.994E+01 1.435E+01 4.853E+01 5.541E+34     
 8.000E+00 0.000E+00 2.954E+02 8.861E+00 3.000E+00 1.111E+03 5.541E+34     
 8.100E+00 0.000E+00 3.233E+02 9.699E+00 3.000E+00 1.111E+03 5.541E+34     
 8.700E+00 0.000E+00 3.742E+02 1.123E+01 3.000E+00 1.111E+03 5.541E+34     
 8.900E+00 0.000E+00 4.171E+02 1.251E+01 3.000E+00 1.111E+03 5.541E+34     
 9.000E+00 0.000E+00 4.391E+02 1.317E+01 3.000E+00 1.111E+03 5.541E+34     
 9.000E+00 0.000E+00 4.201E+02 1.260E+01 3.000E+00 1.111E+03 5.541E+34     
 9.450E+00 0.000E+00 4.880E+02 1.464E+01 3.000E+00 1.111E+03 5.541E+34     
 9.850E+00 0.000E+00 5.199E+02 1.560E+01 3.000E+00 1.111E+03 5.541E+34     
 1.016E+01 0.000E+00 5.199E+02 6.586E+01 1.267E+01 6.231E+01 5.541E+34     
 1.033E+01 0.000E+00 5.608E+02 1.682E+01 3.000E+00 1.111E+03 5.541E+34     
 1.035E+01 0.000E+00 5.748E+02 1.724E+01 3.000E+00 1.111E+03 5.541E+34     
 1.043E+01 0.000E+00 5.887E+02 1.766E+01 3.000E+00 1.111E+03 5.541E+34     
 1.045E+01 0.000E+00 5.877E+02 1.763E+01 3.000E+00 1.111E+03 5.541E+34     
 1.050E+01 0.000E+00 5.798E+02 1.739E+01 3.000E+00 1.111E+03 5.541E+34     
