
# Channel          : fission.tot    
# Frms limit       : 1.000E+30
# Chi2 limit       : 1.000E+30
# Fracmax          : 2.000E-02
# xs (mb) limit    : 1.000E-01

# Data set         :   1   fission.tot    
# Author           : endfb8.1            
# Year             :    0
# EXFOR subentry   :          
# Weight           :      1.00000
# Quality          :   
# energy     TALYS      exp       dexp  rel. unc. %   Chi2      C/E   include
 1.000E+00 0.000E+00 1.460E+01 7.298E+00 5.000E+01 4.000E+00 5.541E+34     
 1.005E+00 0.000E+00 1.754E+01 8.771E+00 5.000E+01 4.000E+00 5.541E+34     
 1.008E+00 0.000E+00 1.742E+01 8.711E+00 5.000E+01 4.000E+00 5.541E+34     
 1.020E+00 0.000E+00 1.632E+01 8.160E+00 5.000E+01 4.000E+00 5.541E+34     
 1.035E+00 0.000E+00 1.755E+01 8.773E+00 5.000E+01 4.000E+00 5.541E+34     
 1.049E+00 0.000E+00 2.086E+01 1.043E+01 5.000E+01 4.000E+00 5.541E+34     
 1.064E+00 0.000E+00 2.303E+01 1.151E+01 5.000E+01 4.000E+00 5.541E+34     
 1.080E+00 0.000E+00 2.678E+01 1.339E+01 5.000E+01 4.000E+00 5.541E+34     
 1.091E+00 0.000E+00 2.941E+01 1.471E+01 5.000E+01 4.000E+00 5.541E+34     
 1.100E+00 0.000E+00 3.103E+01 1.551E+01 5.000E+01 4.000E+00 5.541E+34     
 1.121E+00 0.000E+00 3.579E+01 1.790E+01 5.000E+01 4.000E+00 5.541E+34     
 1.138E+00 0.000E+00 3.605E+01 1.802E+01 5.000E+01 4.000E+00 5.541E+34     
 1.154E+00 0.000E+00 4.180E+01 2.090E+01 5.000E+01 4.000E+00 5.541E+34     
 1.169E+00 0.000E+00 4.381E+01 2.190E+01 5.000E+01 4.000E+00 5.541E+34     
 1.200E+00 0.000E+00 4.285E+01 2.142E+01 5.000E+01 4.000E+00 5.541E+34     
 1.220E+00 0.000E+00 4.103E+01 2.052E+01 5.000E+01 4.000E+00 5.541E+34     
 1.238E+00 0.000E+00 4.249E+01 2.124E+01 5.000E+01 4.000E+00 5.541E+34     
 1.250E+00 0.000E+00 4.430E+01 2.215E+01 5.000E+01 4.000E+00 5.541E+34     
 1.272E+00 0.000E+00 5.822E+01 2.911E+01 5.000E+01 4.000E+00 5.541E+34     
 1.291E+00 0.000E+00 6.851E+01 3.426E+01 5.000E+01 4.000E+00 5.541E+34     
 1.311E+00 0.000E+00 8.231E+01 4.115E+01 5.000E+01 4.000E+00 5.541E+34     
 1.331E+00 0.000E+00 9.906E+01 4.953E+01 5.000E+01 4.000E+00 5.541E+34     
 1.351E+00 0.000E+00 1.187E+02 5.936E+01 5.000E+01 4.000E+00 5.541E+34     
 1.371E+00 0.000E+00 1.497E+02 7.483E+01 5.000E+01 4.000E+00 5.541E+34     
 1.391E+00 0.000E+00 1.910E+02 9.548E+01 5.000E+01 4.000E+00 5.541E+34     
 1.400E+00 0.000E+00 1.941E+02 9.704E+01 5.000E+01 4.000E+00 5.541E+34     
 1.415E+00 0.000E+00 2.254E+02 1.127E+02 5.000E+01 4.000E+00 5.541E+34     
 1.439E+00 0.000E+00 2.770E+02 1.385E+02 5.000E+01 4.000E+00 5.541E+34     
 1.459E+00 0.000E+00 3.175E+02 1.587E+02 5.000E+01 4.000E+00 5.541E+34     
 1.481E+00 0.000E+00 3.466E+02 1.733E+02 5.000E+01 4.000E+00 5.541E+34     
 1.505E+00 0.000E+00 3.639E+02 1.820E+02 5.000E+01 4.000E+00 5.541E+34     
 1.530E+00 0.000E+00 3.795E+02 1.897E+02 5.000E+01 4.000E+00 5.541E+34     
 1.555E+00 0.000E+00 3.903E+02 1.951E+02 5.000E+01 4.000E+00 5.541E+34     
 1.580E+00 0.000E+00 4.092E+02 2.046E+02 5.000E+01 4.000E+00 5.541E+34     
 1.600E+00 0.000E+00 4.258E+02 2.129E+02 5.000E+01 4.000E+00 5.541E+34     
 1.605E+00 0.000E+00 4.247E+02 2.123E+02 5.000E+01 4.000E+00 5.541E+34     
 1.634E+00 0.000E+00 4.296E+02 2.148E+02 5.000E+01 4.000E+00 5.541E+34     
 1.660E+00 0.000E+00 4.362E+02 2.181E+02 5.000E+01 4.000E+00 5.541E+34     
 1.686E+00 0.000E+00 4.481E+02 2.240E+02 5.000E+01 4.000E+00 5.541E+34     
 1.716E+00 0.000E+00 4.688E+02 2.344E+02 5.000E+01 4.000E+00 5.541E+34     
 1.745E+00 0.000E+00 4.816E+02 2.408E+02 5.000E+01 4.000E+00 5.541E+34     
 1.776E+00 0.000E+00 4.920E+02 2.460E+02 5.000E+01 4.000E+00 5.541E+34     
 1.800E+00 0.000E+00 4.889E+02 2.445E+02 5.000E+01 4.000E+00 5.541E+34     
 1.806E+00 0.000E+00 5.024E+02 2.512E+02 5.000E+01 4.000E+00 5.541E+34     
 1.840E+00 0.000E+00 5.186E+02 2.593E+02 5.000E+01 4.000E+00 5.541E+34     
 1.873E+00 0.000E+00 5.196E+02 2.598E+02 5.000E+01 4.000E+00 5.541E+34     
 1.906E+00 0.000E+00 5.394E+02 2.697E+02 5.000E+01 4.000E+00 5.541E+34     
 1.940E+00 0.000E+00 5.393E+02 2.696E+02 5.000E+01 4.000E+00 5.541E+34     
 1.975E+00 0.000E+00 5.406E+02 2.703E+02 5.000E+01 4.000E+00 5.541E+34     
 2.000E+00 0.000E+00 5.379E+02 2.689E+02 5.000E+01 4.000E+00 5.541E+34     
 2.200E+00 0.000E+00 5.496E+02 2.748E+02 5.000E+01 4.000E+00 5.541E+34     
 2.451E+00 0.000E+00 5.462E+02 2.731E+02 5.000E+01 4.000E+00 5.541E+34     
 2.769E+00 0.000E+00 5.399E+02 2.700E+02 5.000E+01 4.000E+00 5.541E+34     
 2.800E+00 0.000E+00 5.394E+02 2.697E+02 5.000E+01 4.000E+00 5.541E+34     
 3.000E+00 0.000E+00 5.262E+02 2.631E+02 5.000E+01 4.000E+00 5.541E+34     
 3.625E+00 0.000E+00 5.501E+02 2.750E+02 5.000E+01 4.000E+00 5.541E+34     
 4.056E+00 0.000E+00 5.581E+02 2.791E+02 5.000E+01 4.000E+00 5.541E+34     
 4.500E+00 0.000E+00 5.627E+02 2.813E+02 5.000E+01 4.000E+00 5.541E+34     
 4.700E+00 0.000E+00 5.606E+02 2.803E+02 5.000E+01 4.000E+00 5.541E+34     
 5.000E+00 0.000E+00 5.490E+02 2.745E+02 5.000E+01 4.000E+00 5.541E+34     

# Channel          : fission.tot    
# Frms limit       : 1.000E+30
# Chi2 limit       : 1.000E+30
# Fracmax          : 2.000E-02
# xs (mb) limit    : 1.000E-01

# Data set         :   1   fission.tot    
# Author           : endfb8.1            
# Year             :    0
# EXFOR subentry   :          
# Weight           :      1.00000
# Quality          :   
# energy     TALYS      exp       dexp  rel. unc. %   Chi2      C/E   include
 1.000E+00 0.000E+00 1.460E+01 7.298E+00 5.000E+01 4.000E+00 5.541E+34     
 1.005E+00 0.000E+00 1.754E+01 8.771E+00 5.000E+01 4.000E+00 5.541E+34     
 1.008E+00 0.000E+00 1.742E+01 8.711E+00 5.000E+01 4.000E+00 5.541E+34     
 1.020E+00 0.000E+00 1.632E+01 8.160E+00 5.000E+01 4.000E+00 5.541E+34     
 1.035E+00 0.000E+00 1.755E+01 8.773E+00 5.000E+01 4.000E+00 5.541E+34     
 1.049E+00 0.000E+00 2.086E+01 1.043E+01 5.000E+01 4.000E+00 5.541E+34     
 1.064E+00 0.000E+00 2.303E+01 1.151E+01 5.000E+01 4.000E+00 5.541E+34     
 1.080E+00 0.000E+00 2.678E+01 1.339E+01 5.000E+01 4.000E+00 5.541E+34     
 1.091E+00 0.000E+00 2.941E+01 1.471E+01 5.000E+01 4.000E+00 5.541E+34     
 1.100E+00 0.000E+00 3.103E+01 1.551E+01 5.000E+01 4.000E+00 5.541E+34     
 1.121E+00 0.000E+00 3.579E+01 1.790E+01 5.000E+01 4.000E+00 5.541E+34     
 1.138E+00 0.000E+00 3.605E+01 1.802E+01 5.000E+01 4.000E+00 5.541E+34     
 1.154E+00 0.000E+00 4.180E+01 2.090E+01 5.000E+01 4.000E+00 5.541E+34     
 1.169E+00 0.000E+00 4.381E+01 2.190E+01 5.000E+01 4.000E+00 5.541E+34     
 1.200E+00 0.000E+00 4.285E+01 2.142E+01 5.000E+01 4.000E+00 5.541E+34     
 1.220E+00 0.000E+00 4.103E+01 2.052E+01 5.000E+01 4.000E+00 5.541E+34     
 1.238E+00 0.000E+00 4.249E+01 2.124E+01 5.000E+01 4.000E+00 5.541E+34     
 1.250E+00 0.000E+00 4.430E+01 2.215E+01 5.000E+01 4.000E+00 5.541E+34     
 1.272E+00 0.000E+00 5.822E+01 2.911E+01 5.000E+01 4.000E+00 5.541E+34     
 1.291E+00 0.000E+00 6.851E+01 3.426E+01 5.000E+01 4.000E+00 5.541E+34     
 1.311E+00 0.000E+00 8.231E+01 4.115E+01 5.000E+01 4.000E+00 5.541E+34     
 1.331E+00 0.000E+00 9.906E+01 4.953E+01 5.000E+01 4.000E+00 5.541E+34     
 1.351E+00 0.000E+00 1.187E+02 5.936E+01 5.000E+01 4.000E+00 5.541E+34     
 1.371E+00 0.000E+00 1.497E+02 7.483E+01 5.000E+01 4.000E+00 5.541E+34     
 1.391E+00 0.000E+00 1.910E+02 9.548E+01 5.000E+01 4.000E+00 5.541E+34     
 1.400E+00 0.000E+00 1.941E+02 9.704E+01 5.000E+01 4.000E+00 5.541E+34     
 1.415E+00 0.000E+00 2.254E+02 1.127E+02 5.000E+01 4.000E+00 5.541E+34     
 1.439E+00 0.000E+00 2.770E+02 1.385E+02 5.000E+01 4.000E+00 5.541E+34     
 1.459E+00 0.000E+00 3.175E+02 1.587E+02 5.000E+01 4.000E+00 5.541E+34     
 1.481E+00 0.000E+00 3.466E+02 1.733E+02 5.000E+01 4.000E+00 5.541E+34     
 1.505E+00 0.000E+00 3.639E+02 1.820E+02 5.000E+01 4.000E+00 5.541E+34     
 1.530E+00 0.000E+00 3.795E+02 1.897E+02 5.000E+01 4.000E+00 5.541E+34     
 1.555E+00 0.000E+00 3.903E+02 1.951E+02 5.000E+01 4.000E+00 5.541E+34     
 1.580E+00 0.000E+00 4.092E+02 2.046E+02 5.000E+01 4.000E+00 5.541E+34     
 1.600E+00 0.000E+00 4.258E+02 2.129E+02 5.000E+01 4.000E+00 5.541E+34     
 1.605E+00 0.000E+00 4.247E+02 2.123E+02 5.000E+01 4.000E+00 5.541E+34     
 1.634E+00 0.000E+00 4.296E+02 2.148E+02 5.000E+01 4.000E+00 5.541E+34     
 1.660E+00 0.000E+00 4.362E+02 2.181E+02 5.000E+01 4.000E+00 5.541E+34     
 1.686E+00 0.000E+00 4.481E+02 2.240E+02 5.000E+01 4.000E+00 5.541E+34     
 1.716E+00 0.000E+00 4.688E+02 2.344E+02 5.000E+01 4.000E+00 5.541E+34     
 1.745E+00 0.000E+00 4.816E+02 2.408E+02 5.000E+01 4.000E+00 5.541E+34     
 1.776E+00 0.000E+00 4.920E+02 2.460E+02 5.000E+01 4.000E+00 5.541E+34     
 1.800E+00 0.000E+00 4.889E+02 2.445E+02 5.000E+01 4.000E+00 5.541E+34     
 1.806E+00 0.000E+00 5.024E+02 2.512E+02 5.000E+01 4.000E+00 5.541E+34     
 1.840E+00 0.000E+00 5.186E+02 2.593E+02 5.000E+01 4.000E+00 5.541E+34     
 1.873E+00 0.000E+00 5.196E+02 2.598E+02 5.000E+01 4.000E+00 5.541E+34     
 1.906E+00 0.000E+00 5.394E+02 2.697E+02 5.000E+01 4.000E+00 5.541E+34     
 1.940E+00 0.000E+00 5.393E+02 2.696E+02 5.000E+01 4.000E+00 5.541E+34     
 1.975E+00 0.000E+00 5.406E+02 2.703E+02 5.000E+01 4.000E+00 5.541E+34     
 2.000E+00 0.000E+00 5.379E+02 2.689E+02 5.000E+01 4.000E+00 5.541E+34     
 2.200E+00 0.000E+00 5.496E+02 2.748E+02 5.000E+01 4.000E+00 5.541E+34     
 2.451E+00 0.000E+00 5.462E+02 2.731E+02 5.000E+01 4.000E+00 5.541E+34     
 2.769E+00 0.000E+00 5.399E+02 2.700E+02 5.000E+01 4.000E+00 5.541E+34     
 2.800E+00 0.000E+00 5.394E+02 2.697E+02 5.000E+01 4.000E+00 5.541E+34     
 3.000E+00 0.000E+00 5.262E+02 2.631E+02 5.000E+01 4.000E+00 5.541E+34     
 3.625E+00 0.000E+00 5.501E+02 2.750E+02 5.000E+01 4.000E+00 5.541E+34     
 4.056E+00 0.000E+00 5.581E+02 2.791E+02 5.000E+01 4.000E+00 5.541E+34     
 4.500E+00 0.000E+00 5.627E+02 2.813E+02 5.000E+01 4.000E+00 5.541E+34     
 4.700E+00 0.000E+00 5.606E+02 2.803E+02 5.000E+01 4.000E+00 5.541E+34     
 5.000E+00 0.000E+00 5.490E+02 2.745E+02 5.000E+01 4.000E+00 5.541E+34     

# Channel          : fission.tot    
# Frms limit       : 1.000E+30
# Chi2 limit       : 1.000E+30
# Fracmax          : 2.000E-02
# xs (mb) limit    : 1.000E-01

# Data set         :   1   fission.tot    
# Author           : endfb8.1            
# Year             :    0
# EXFOR subentry   :          
# Weight           :      1.00000
# Quality          :   
# energy     TALYS      exp       dexp  rel. unc. %   Chi2      C/E   include
 1.000E+00 0.000E+00 1.460E+01 7.298E+00 5.000E+01 4.000E+00 5.541E+34     
 1.005E+00 0.000E+00 1.754E+01 8.771E+00 5.000E+01 4.000E+00 5.541E+34     
 1.008E+00 0.000E+00 1.742E+01 8.711E+00 5.000E+01 4.000E+00 5.541E+34     
 1.020E+00 0.000E+00 1.632E+01 8.160E+00 5.000E+01 4.000E+00 5.541E+34     
 1.035E+00 0.000E+00 1.755E+01 8.773E+00 5.000E+01 4.000E+00 5.541E+34     
 1.049E+00 0.000E+00 2.086E+01 1.043E+01 5.000E+01 4.000E+00 5.541E+34     
 1.064E+00 0.000E+00 2.303E+01 1.151E+01 5.000E+01 4.000E+00 5.541E+34     
 1.080E+00 0.000E+00 2.678E+01 1.339E+01 5.000E+01 4.000E+00 5.541E+34     
 1.091E+00 0.000E+00 2.941E+01 1.471E+01 5.000E+01 4.000E+00 5.541E+34     
 1.100E+00 0.000E+00 3.103E+01 1.551E+01 5.000E+01 4.000E+00 5.541E+34     
 1.121E+00 0.000E+00 3.579E+01 1.790E+01 5.000E+01 4.000E+00 5.541E+34     
 1.138E+00 0.000E+00 3.605E+01 1.802E+01 5.000E+01 4.000E+00 5.541E+34     
 1.154E+00 0.000E+00 4.180E+01 2.090E+01 5.000E+01 4.000E+00 5.541E+34     
 1.169E+00 0.000E+00 4.381E+01 2.190E+01 5.000E+01 4.000E+00 5.541E+34     
 1.200E+00 0.000E+00 4.285E+01 2.142E+01 5.000E+01 4.000E+00 5.541E+34     
 1.220E+00 0.000E+00 4.103E+01 2.052E+01 5.000E+01 4.000E+00 5.541E+34     
 1.238E+00 0.000E+00 4.249E+01 2.124E+01 5.000E+01 4.000E+00 5.541E+34     
 1.250E+00 0.000E+00 4.430E+01 2.215E+01 5.000E+01 4.000E+00 5.541E+34     
 1.272E+00 0.000E+00 5.822E+01 2.911E+01 5.000E+01 4.000E+00 5.541E+34     
 1.291E+00 0.000E+00 6.851E+01 3.426E+01 5.000E+01 4.000E+00 5.541E+34     
 1.311E+00 0.000E+00 8.231E+01 4.115E+01 5.000E+01 4.000E+00 5.541E+34     
 1.331E+00 0.000E+00 9.906E+01 4.953E+01 5.000E+01 4.000E+00 5.541E+34     
 1.351E+00 0.000E+00 1.187E+02 5.936E+01 5.000E+01 4.000E+00 5.541E+34     
 1.371E+00 0.000E+00 1.497E+02 7.483E+01 5.000E+01 4.000E+00 5.541E+34     
 1.391E+00 0.000E+00 1.910E+02 9.548E+01 5.000E+01 4.000E+00 5.541E+34     
 1.400E+00 0.000E+00 1.941E+02 9.704E+01 5.000E+01 4.000E+00 5.541E+34     
 1.415E+00 0.000E+00 2.254E+02 1.127E+02 5.000E+01 4.000E+00 5.541E+34     
 1.439E+00 0.000E+00 2.770E+02 1.385E+02 5.000E+01 4.000E+00 5.541E+34     
 1.459E+00 0.000E+00 3.175E+02 1.587E+02 5.000E+01 4.000E+00 5.541E+34     
 1.481E+00 0.000E+00 3.466E+02 1.733E+02 5.000E+01 4.000E+00 5.541E+34     
 1.505E+00 0.000E+00 3.639E+02 1.820E+02 5.000E+01 4.000E+00 5.541E+34     
 1.530E+00 0.000E+00 3.795E+02 1.897E+02 5.000E+01 4.000E+00 5.541E+34     
 1.555E+00 0.000E+00 3.903E+02 1.951E+02 5.000E+01 4.000E+00 5.541E+34     
 1.580E+00 0.000E+00 4.092E+02 2.046E+02 5.000E+01 4.000E+00 5.541E+34     
 1.600E+00 0.000E+00 4.258E+02 2.129E+02 5.000E+01 4.000E+00 5.541E+34     
 1.605E+00 0.000E+00 4.247E+02 2.123E+02 5.000E+01 4.000E+00 5.541E+34     
 1.634E+00 0.000E+00 4.296E+02 2.148E+02 5.000E+01 4.000E+00 5.541E+34     
 1.660E+00 0.000E+00 4.362E+02 2.181E+02 5.000E+01 4.000E+00 5.541E+34     
 1.686E+00 0.000E+00 4.481E+02 2.240E+02 5.000E+01 4.000E+00 5.541E+34     
 1.716E+00 0.000E+00 4.688E+02 2.344E+02 5.000E+01 4.000E+00 5.541E+34     
 1.745E+00 0.000E+00 4.816E+02 2.408E+02 5.000E+01 4.000E+00 5.541E+34     
 1.776E+00 0.000E+00 4.920E+02 2.460E+02 5.000E+01 4.000E+00 5.541E+34     
 1.800E+00 0.000E+00 4.889E+02 2.445E+02 5.000E+01 4.000E+00 5.541E+34     
 1.806E+00 0.000E+00 5.024E+02 2.512E+02 5.000E+01 4.000E+00 5.541E+34     
 1.840E+00 0.000E+00 5.186E+02 2.593E+02 5.000E+01 4.000E+00 5.541E+34     
 1.873E+00 0.000E+00 5.196E+02 2.598E+02 5.000E+01 4.000E+00 5.541E+34     
 1.906E+00 0.000E+00 5.394E+02 2.697E+02 5.000E+01 4.000E+00 5.541E+34     
 1.940E+00 0.000E+00 5.393E+02 2.696E+02 5.000E+01 4.000E+00 5.541E+34     
 1.975E+00 0.000E+00 5.406E+02 2.703E+02 5.000E+01 4.000E+00 5.541E+34     
 2.000E+00 0.000E+00 5.379E+02 2.689E+02 5.000E+01 4.000E+00 5.541E+34     
 2.200E+00 0.000E+00 5.496E+02 2.748E+02 5.000E+01 4.000E+00 5.541E+34     
 2.451E+00 0.000E+00 5.462E+02 2.731E+02 5.000E+01 4.000E+00 5.541E+34     
 2.769E+00 0.000E+00 5.399E+02 2.700E+02 5.000E+01 4.000E+00 5.541E+34     
 2.800E+00 0.000E+00 5.394E+02 2.697E+02 5.000E+01 4.000E+00 5.541E+34     
 3.000E+00 0.000E+00 5.262E+02 2.631E+02 5.000E+01 4.000E+00 5.541E+34     
 3.625E+00 0.000E+00 5.501E+02 2.750E+02 5.000E+01 4.000E+00 5.541E+34     
 4.056E+00 0.000E+00 5.581E+02 2.791E+02 5.000E+01 4.000E+00 5.541E+34     
 4.500E+00 0.000E+00 5.627E+02 2.813E+02 5.000E+01 4.000E+00 5.541E+34     
 4.700E+00 0.000E+00 5.606E+02 2.803E+02 5.000E+01 4.000E+00 5.541E+34     
 5.000E+00 0.000E+00 5.490E+02 2.745E+02 5.000E+01 4.000E+00 5.541E+34     

# Channel          : fission.tot    
# Frms limit       : 1.000E+30
# Chi2 limit       : 1.000E+30
# Fracmax          : 2.000E-02
# xs (mb) limit    : 1.000E-01

# Data set         :   1   fission.tot    
# Author           : endfb8.1            
# Year             :    0
# EXFOR subentry   :          
# Weight           :      1.00000
# Quality          :   
# energy     TALYS      exp       dexp  rel. unc. %   Chi2      C/E   include
 1.000E+00 0.000E+00 1.460E+01 7.298E+00 5.000E+01 4.000E+00 5.541E+34     
 1.005E+00 0.000E+00 1.754E+01 8.771E+00 5.000E+01 4.000E+00 5.541E+34     
 1.008E+00 0.000E+00 1.742E+01 8.711E+00 5.000E+01 4.000E+00 5.541E+34     
 1.020E+00 0.000E+00 1.632E+01 8.160E+00 5.000E+01 4.000E+00 5.541E+34     
 1.035E+00 0.000E+00 1.755E+01 8.773E+00 5.000E+01 4.000E+00 5.541E+34     
 1.049E+00 0.000E+00 2.086E+01 1.043E+01 5.000E+01 4.000E+00 5.541E+34     
 1.064E+00 0.000E+00 2.303E+01 1.151E+01 5.000E+01 4.000E+00 5.541E+34     
 1.080E+00 0.000E+00 2.678E+01 1.339E+01 5.000E+01 4.000E+00 5.541E+34     
 1.091E+00 0.000E+00 2.941E+01 1.471E+01 5.000E+01 4.000E+00 5.541E+34     
 1.100E+00 0.000E+00 3.103E+01 1.551E+01 5.000E+01 4.000E+00 5.541E+34     
 1.121E+00 0.000E+00 3.579E+01 1.790E+01 5.000E+01 4.000E+00 5.541E+34     
 1.138E+00 0.000E+00 3.605E+01 1.802E+01 5.000E+01 4.000E+00 5.541E+34     
 1.154E+00 0.000E+00 4.180E+01 2.090E+01 5.000E+01 4.000E+00 5.541E+34     
 1.169E+00 0.000E+00 4.381E+01 2.190E+01 5.000E+01 4.000E+00 5.541E+34     
 1.200E+00 0.000E+00 4.285E+01 2.142E+01 5.000E+01 4.000E+00 5.541E+34     
 1.220E+00 0.000E+00 4.103E+01 2.052E+01 5.000E+01 4.000E+00 5.541E+34     
 1.238E+00 0.000E+00 4.249E+01 2.124E+01 5.000E+01 4.000E+00 5.541E+34     
 1.250E+00 0.000E+00 4.430E+01 2.215E+01 5.000E+01 4.000E+00 5.541E+34     
 1.272E+00 0.000E+00 5.822E+01 2.911E+01 5.000E+01 4.000E+00 5.541E+34     
 1.291E+00 0.000E+00 6.851E+01 3.426E+01 5.000E+01 4.000E+00 5.541E+34     
 1.311E+00 0.000E+00 8.231E+01 4.115E+01 5.000E+01 4.000E+00 5.541E+34     
 1.331E+00 0.000E+00 9.906E+01 4.953E+01 5.000E+01 4.000E+00 5.541E+34     
 1.351E+00 0.000E+00 1.187E+02 5.936E+01 5.000E+01 4.000E+00 5.541E+34     
 1.371E+00 0.000E+00 1.497E+02 7.483E+01 5.000E+01 4.000E+00 5.541E+34     
 1.391E+00 0.000E+00 1.910E+02 9.548E+01 5.000E+01 4.000E+00 5.541E+34     
 1.400E+00 0.000E+00 1.941E+02 9.704E+01 5.000E+01 4.000E+00 5.541E+34     
 1.415E+00 0.000E+00 2.254E+02 1.127E+02 5.000E+01 4.000E+00 5.541E+34     
 1.439E+00 0.000E+00 2.770E+02 1.385E+02 5.000E+01 4.000E+00 5.541E+34     
 1.459E+00 0.000E+00 3.175E+02 1.587E+02 5.000E+01 4.000E+00 5.541E+34     
 1.481E+00 0.000E+00 3.466E+02 1.733E+02 5.000E+01 4.000E+00 5.541E+34     
 1.505E+00 0.000E+00 3.639E+02 1.820E+02 5.000E+01 4.000E+00 5.541E+34     
 1.530E+00 0.000E+00 3.795E+02 1.897E+02 5.000E+01 4.000E+00 5.541E+34     
 1.555E+00 0.000E+00 3.903E+02 1.951E+02 5.000E+01 4.000E+00 5.541E+34     
 1.580E+00 0.000E+00 4.092E+02 2.046E+02 5.000E+01 4.000E+00 5.541E+34     
 1.600E+00 0.000E+00 4.258E+02 2.129E+02 5.000E+01 4.000E+00 5.541E+34     
 1.605E+00 0.000E+00 4.247E+02 2.123E+02 5.000E+01 4.000E+00 5.541E+34     
 1.634E+00 0.000E+00 4.296E+02 2.148E+02 5.000E+01 4.000E+00 5.541E+34     
 1.660E+00 0.000E+00 4.362E+02 2.181E+02 5.000E+01 4.000E+00 5.541E+34     
 1.686E+00 0.000E+00 4.481E+02 2.240E+02 5.000E+01 4.000E+00 5.541E+34     
 1.716E+00 0.000E+00 4.688E+02 2.344E+02 5.000E+01 4.000E+00 5.541E+34     
 1.745E+00 0.000E+00 4.816E+02 2.408E+02 5.000E+01 4.000E+00 5.541E+34     
 1.776E+00 0.000E+00 4.920E+02 2.460E+02 5.000E+01 4.000E+00 5.541E+34     
 1.800E+00 0.000E+00 4.889E+02 2.445E+02 5.000E+01 4.000E+00 5.541E+34     
 1.806E+00 0.000E+00 5.024E+02 2.512E+02 5.000E+01 4.000E+00 5.541E+34     
 1.840E+00 0.000E+00 5.186E+02 2.593E+02 5.000E+01 4.000E+00 5.541E+34     
 1.873E+00 0.000E+00 5.196E+02 2.598E+02 5.000E+01 4.000E+00 5.541E+34     
 1.906E+00 0.000E+00 5.394E+02 2.697E+02 5.000E+01 4.000E+00 5.541E+34     
 1.940E+00 0.000E+00 5.393E+02 2.696E+02 5.000E+01 4.000E+00 5.541E+34     
 1.975E+00 0.000E+00 5.406E+02 2.703E+02 5.000E+01 4.000E+00 5.541E+34     
 2.000E+00 0.000E+00 5.379E+02 2.689E+02 5.000E+01 4.000E+00 5.541E+34     
 2.200E+00 0.000E+00 5.496E+02 2.748E+02 5.000E+01 4.000E+00 5.541E+34     
 2.451E+00 0.000E+00 5.462E+02 2.731E+02 5.000E+01 4.000E+00 5.541E+34     
 2.769E+00 0.000E+00 5.399E+02 2.700E+02 5.000E+01 4.000E+00 5.541E+34     
 2.800E+00 0.000E+00 5.394E+02 2.697E+02 5.000E+01 4.000E+00 5.541E+34     
 3.000E+00 0.000E+00 5.262E+02 2.631E+02 5.000E+01 4.000E+00 5.541E+34     
 3.625E+00 0.000E+00 5.501E+02 2.750E+02 5.000E+01 4.000E+00 5.541E+34     
 4.056E+00 0.000E+00 5.581E+02 2.791E+02 5.000E+01 4.000E+00 5.541E+34     
 4.500E+00 0.000E+00 5.627E+02 2.813E+02 5.000E+01 4.000E+00 5.541E+34     
 4.700E+00 0.000E+00 5.606E+02 2.803E+02 5.000E+01 4.000E+00 5.541E+34     
 5.000E+00 0.000E+00 5.490E+02 2.745E+02 5.000E+01 4.000E+00 5.541E+34     

# Channel          : fission.tot    
# Frms limit       : 1.000E+30
# Chi2 limit       : 1.000E+30
# Fracmax          : 2.000E-02
# xs (mb) limit    : 1.000E-01

# Data set         :   1   fission.tot    
# Author           : endfb8.1            
# Year             :    0
# EXFOR subentry   :          
# Weight           :      1.00000
# Quality          :   
# energy     TALYS      exp       dexp  rel. unc. %   Chi2      C/E   include
 1.000E+00 0.000E+00 1.460E+01 7.298E+00 5.000E+01 4.000E+00 5.541E+34     
 1.005E+00 0.000E+00 1.754E+01 8.771E+00 5.000E+01 4.000E+00 5.541E+34     
 1.008E+00 0.000E+00 1.742E+01 8.711E+00 5.000E+01 4.000E+00 5.541E+34     
 1.020E+00 0.000E+00 1.632E+01 8.160E+00 5.000E+01 4.000E+00 5.541E+34     
 1.035E+00 0.000E+00 1.755E+01 8.773E+00 5.000E+01 4.000E+00 5.541E+34     
 1.049E+00 0.000E+00 2.086E+01 1.043E+01 5.000E+01 4.000E+00 5.541E+34     
 1.064E+00 0.000E+00 2.303E+01 1.151E+01 5.000E+01 4.000E+00 5.541E+34     
 1.080E+00 0.000E+00 2.678E+01 1.339E+01 5.000E+01 4.000E+00 5.541E+34     
 1.091E+00 0.000E+00 2.941E+01 1.471E+01 5.000E+01 4.000E+00 5.541E+34     
 1.100E+00 0.000E+00 3.103E+01 1.551E+01 5.000E+01 4.000E+00 5.541E+34     
 1.121E+00 0.000E+00 3.579E+01 1.790E+01 5.000E+01 4.000E+00 5.541E+34     
 1.138E+00 0.000E+00 3.605E+01 1.802E+01 5.000E+01 4.000E+00 5.541E+34     
 1.154E+00 0.000E+00 4.180E+01 2.090E+01 5.000E+01 4.000E+00 5.541E+34     
 1.169E+00 0.000E+00 4.381E+01 2.190E+01 5.000E+01 4.000E+00 5.541E+34     
 1.200E+00 0.000E+00 4.285E+01 2.142E+01 5.000E+01 4.000E+00 5.541E+34     
 1.220E+00 0.000E+00 4.103E+01 2.052E+01 5.000E+01 4.000E+00 5.541E+34     
 1.238E+00 0.000E+00 4.249E+01 2.124E+01 5.000E+01 4.000E+00 5.541E+34     
 1.250E+00 0.000E+00 4.430E+01 2.215E+01 5.000E+01 4.000E+00 5.541E+34     
 1.272E+00 0.000E+00 5.822E+01 2.911E+01 5.000E+01 4.000E+00 5.541E+34     
 1.291E+00 0.000E+00 6.851E+01 3.426E+01 5.000E+01 4.000E+00 5.541E+34     
 1.311E+00 0.000E+00 8.231E+01 4.115E+01 5.000E+01 4.000E+00 5.541E+34     
 1.331E+00 0.000E+00 9.906E+01 4.953E+01 5.000E+01 4.000E+00 5.541E+34     
 1.351E+00 0.000E+00 1.187E+02 5.936E+01 5.000E+01 4.000E+00 5.541E+34     
 1.371E+00 0.000E+00 1.497E+02 7.483E+01 5.000E+01 4.000E+00 5.541E+34     
 1.391E+00 0.000E+00 1.910E+02 9.548E+01 5.000E+01 4.000E+00 5.541E+34     
 1.400E+00 0.000E+00 1.941E+02 9.704E+01 5.000E+01 4.000E+00 5.541E+34     
 1.415E+00 0.000E+00 2.254E+02 1.127E+02 5.000E+01 4.000E+00 5.541E+34     
 1.439E+00 0.000E+00 2.770E+02 1.385E+02 5.000E+01 4.000E+00 5.541E+34     
 1.459E+00 0.000E+00 3.175E+02 1.587E+02 5.000E+01 4.000E+00 5.541E+34     
 1.481E+00 0.000E+00 3.466E+02 1.733E+02 5.000E+01 4.000E+00 5.541E+34     
 1.505E+00 0.000E+00 3.639E+02 1.820E+02 5.000E+01 4.000E+00 5.541E+34     
 1.530E+00 0.000E+00 3.795E+02 1.897E+02 5.000E+01 4.000E+00 5.541E+34     
 1.555E+00 0.000E+00 3.903E+02 1.951E+02 5.000E+01 4.000E+00 5.541E+34     
 1.580E+00 0.000E+00 4.092E+02 2.046E+02 5.000E+01 4.000E+00 5.541E+34     
 1.600E+00 0.000E+00 4.258E+02 2.129E+02 5.000E+01 4.000E+00 5.541E+34     
 1.605E+00 0.000E+00 4.247E+02 2.123E+02 5.000E+01 4.000E+00 5.541E+34     
 1.634E+00 0.000E+00 4.296E+02 2.148E+02 5.000E+01 4.000E+00 5.541E+34     
 1.660E+00 0.000E+00 4.362E+02 2.181E+02 5.000E+01 4.000E+00 5.541E+34     
 1.686E+00 0.000E+00 4.481E+02 2.240E+02 5.000E+01 4.000E+00 5.541E+34     
 1.716E+00 0.000E+00 4.688E+02 2.344E+02 5.000E+01 4.000E+00 5.541E+34     
 1.745E+00 0.000E+00 4.816E+02 2.408E+02 5.000E+01 4.000E+00 5.541E+34     
 1.776E+00 0.000E+00 4.920E+02 2.460E+02 5.000E+01 4.000E+00 5.541E+34     
 1.800E+00 0.000E+00 4.889E+02 2.445E+02 5.000E+01 4.000E+00 5.541E+34     
 1.806E+00 0.000E+00 5.024E+02 2.512E+02 5.000E+01 4.000E+00 5.541E+34     
 1.840E+00 0.000E+00 5.186E+02 2.593E+02 5.000E+01 4.000E+00 5.541E+34     
 1.873E+00 0.000E+00 5.196E+02 2.598E+02 5.000E+01 4.000E+00 5.541E+34     
 1.906E+00 0.000E+00 5.394E+02 2.697E+02 5.000E+01 4.000E+00 5.541E+34     
 1.940E+00 0.000E+00 5.393E+02 2.696E+02 5.000E+01 4.000E+00 5.541E+34     
 1.975E+00 0.000E+00 5.406E+02 2.703E+02 5.000E+01 4.000E+00 5.541E+34     
 2.000E+00 0.000E+00 5.379E+02 2.689E+02 5.000E+01 4.000E+00 5.541E+34     
 2.200E+00 0.000E+00 5.496E+02 2.748E+02 5.000E+01 4.000E+00 5.541E+34     
 2.451E+00 0.000E+00 5.462E+02 2.731E+02 5.000E+01 4.000E+00 5.541E+34     
 2.769E+00 0.000E+00 5.399E+02 2.700E+02 5.000E+01 4.000E+00 5.541E+34     
 2.800E+00 0.000E+00 5.394E+02 2.697E+02 5.000E+01 4.000E+00 5.541E+34     
 3.000E+00 0.000E+00 5.262E+02 2.631E+02 5.000E+01 4.000E+00 5.541E+34     
 3.625E+00 0.000E+00 5.501E+02 2.750E+02 5.000E+01 4.000E+00 5.541E+34     
 4.056E+00 0.000E+00 5.581E+02 2.791E+02 5.000E+01 4.000E+00 5.541E+34     
 4.500E+00 0.000E+00 5.627E+02 2.813E+02 5.000E+01 4.000E+00 5.541E+34     
 4.700E+00 0.000E+00 5.606E+02 2.803E+02 5.000E+01 4.000E+00 5.541E+34     
 5.000E+00 0.000E+00 5.490E+02 2.745E+02 5.000E+01 4.000E+00 5.541E+34     

# Channel          : fission.tot    
# Frms limit       : 1.000E+30
# Chi2 limit       : 1.000E+30
# Fracmax          : 2.000E-02
# xs (mb) limit    : 1.000E-01

# Data set         :   1   fission.tot    
# Author           : endfb8.1            
# Year             :    0
# EXFOR subentry   :          
# Weight           :      1.00000
# Quality          :   
# energy     TALYS      exp       dexp  rel. unc. %   Chi2      C/E   include
 1.000E+00 0.000E+00 1.460E+01 7.298E+00 5.000E+01 4.000E+00 5.541E+34     
 1.005E+00 0.000E+00 1.754E+01 8.771E+00 5.000E+01 4.000E+00 5.541E+34     
 1.008E+00 0.000E+00 1.742E+01 8.711E+00 5.000E+01 4.000E+00 5.541E+34     
 1.020E+00 0.000E+00 1.632E+01 8.160E+00 5.000E+01 4.000E+00 5.541E+34     
 1.035E+00 0.000E+00 1.755E+01 8.773E+00 5.000E+01 4.000E+00 5.541E+34     
 1.049E+00 0.000E+00 2.086E+01 1.043E+01 5.000E+01 4.000E+00 5.541E+34     
 1.064E+00 0.000E+00 2.303E+01 1.151E+01 5.000E+01 4.000E+00 5.541E+34     
 1.080E+00 0.000E+00 2.678E+01 1.339E+01 5.000E+01 4.000E+00 5.541E+34     
 1.091E+00 0.000E+00 2.941E+01 1.471E+01 5.000E+01 4.000E+00 5.541E+34     
 1.100E+00 0.000E+00 3.103E+01 1.551E+01 5.000E+01 4.000E+00 5.541E+34     
 1.121E+00 0.000E+00 3.579E+01 1.790E+01 5.000E+01 4.000E+00 5.541E+34     
 1.138E+00 0.000E+00 3.605E+01 1.802E+01 5.000E+01 4.000E+00 5.541E+34     
 1.154E+00 0.000E+00 4.180E+01 2.090E+01 5.000E+01 4.000E+00 5.541E+34     
 1.169E+00 0.000E+00 4.381E+01 2.190E+01 5.000E+01 4.000E+00 5.541E+34     
 1.200E+00 0.000E+00 4.285E+01 2.142E+01 5.000E+01 4.000E+00 5.541E+34     
 1.220E+00 0.000E+00 4.103E+01 2.052E+01 5.000E+01 4.000E+00 5.541E+34     
 1.238E+00 0.000E+00 4.249E+01 2.124E+01 5.000E+01 4.000E+00 5.541E+34     
 1.250E+00 0.000E+00 4.430E+01 2.215E+01 5.000E+01 4.000E+00 5.541E+34     
 1.272E+00 0.000E+00 5.822E+01 2.911E+01 5.000E+01 4.000E+00 5.541E+34     
 1.291E+00 0.000E+00 6.851E+01 3.426E+01 5.000E+01 4.000E+00 5.541E+34     
 1.311E+00 0.000E+00 8.231E+01 4.115E+01 5.000E+01 4.000E+00 5.541E+34     
 1.331E+00 0.000E+00 9.906E+01 4.953E+01 5.000E+01 4.000E+00 5.541E+34     
 1.351E+00 0.000E+00 1.187E+02 5.936E+01 5.000E+01 4.000E+00 5.541E+34     
 1.371E+00 0.000E+00 1.497E+02 7.483E+01 5.000E+01 4.000E+00 5.541E+34     
 1.391E+00 0.000E+00 1.910E+02 9.548E+01 5.000E+01 4.000E+00 5.541E+34     
 1.400E+00 0.000E+00 1.941E+02 9.704E+01 5.000E+01 4.000E+00 5.541E+34     
 1.415E+00 0.000E+00 2.254E+02 1.127E+02 5.000E+01 4.000E+00 5.541E+34     
 1.439E+00 0.000E+00 2.770E+02 1.385E+02 5.000E+01 4.000E+00 5.541E+34     
 1.459E+00 0.000E+00 3.175E+02 1.587E+02 5.000E+01 4.000E+00 5.541E+34     
 1.481E+00 0.000E+00 3.466E+02 1.733E+02 5.000E+01 4.000E+00 5.541E+34     
 1.505E+00 0.000E+00 3.639E+02 1.820E+02 5.000E+01 4.000E+00 5.541E+34     
 1.530E+00 0.000E+00 3.795E+02 1.897E+02 5.000E+01 4.000E+00 5.541E+34     
 1.555E+00 0.000E+00 3.903E+02 1.951E+02 5.000E+01 4.000E+00 5.541E+34     
 1.580E+00 0.000E+00 4.092E+02 2.046E+02 5.000E+01 4.000E+00 5.541E+34     
 1.600E+00 0.000E+00 4.258E+02 2.129E+02 5.000E+01 4.000E+00 5.541E+34     
 1.605E+00 0.000E+00 4.247E+02 2.123E+02 5.000E+01 4.000E+00 5.541E+34     
 1.634E+00 0.000E+00 4.296E+02 2.148E+02 5.000E+01 4.000E+00 5.541E+34     
 1.660E+00 0.000E+00 4.362E+02 2.181E+02 5.000E+01 4.000E+00 5.541E+34     
 1.686E+00 0.000E+00 4.481E+02 2.240E+02 5.000E+01 4.000E+00 5.541E+34     
 1.716E+00 0.000E+00 4.688E+02 2.344E+02 5.000E+01 4.000E+00 5.541E+34     
 1.745E+00 0.000E+00 4.816E+02 2.408E+02 5.000E+01 4.000E+00 5.541E+34     
 1.776E+00 0.000E+00 4.920E+02 2.460E+02 5.000E+01 4.000E+00 5.541E+34     
 1.800E+00 0.000E+00 4.889E+02 2.445E+02 5.000E+01 4.000E+00 5.541E+34     
 1.806E+00 0.000E+00 5.024E+02 2.512E+02 5.000E+01 4.000E+00 5.541E+34     
 1.840E+00 0.000E+00 5.186E+02 2.593E+02 5.000E+01 4.000E+00 5.541E+34     
 1.873E+00 0.000E+00 5.196E+02 2.598E+02 5.000E+01 4.000E+00 5.541E+34     
 1.906E+00 0.000E+00 5.394E+02 2.697E+02 5.000E+01 4.000E+00 5.541E+34     
 1.940E+00 0.000E+00 5.393E+02 2.696E+02 5.000E+01 4.000E+00 5.541E+34     
 1.975E+00 0.000E+00 5.406E+02 2.703E+02 5.000E+01 4.000E+00 5.541E+34     
 2.000E+00 0.000E+00 5.379E+02 2.689E+02 5.000E+01 4.000E+00 5.541E+34     
 2.200E+00 0.000E+00 5.496E+02 2.748E+02 5.000E+01 4.000E+00 5.541E+34     
 2.451E+00 0.000E+00 5.462E+02 2.731E+02 5.000E+01 4.000E+00 5.541E+34     
 2.769E+00 0.000E+00 5.399E+02 2.700E+02 5.000E+01 4.000E+00 5.541E+34     
 2.800E+00 0.000E+00 5.394E+02 2.697E+02 5.000E+01 4.000E+00 5.541E+34     
 3.000E+00 0.000E+00 5.262E+02 2.631E+02 5.000E+01 4.000E+00 5.541E+34     
 3.625E+00 0.000E+00 5.501E+02 2.750E+02 5.000E+01 4.000E+00 5.541E+34     
 4.056E+00 0.000E+00 5.581E+02 2.791E+02 5.000E+01 4.000E+00 5.541E+34     
 4.500E+00 0.000E+00 5.627E+02 2.813E+02 5.000E+01 4.000E+00 5.541E+34     
 4.700E+00 0.000E+00 5.606E+02 2.803E+02 5.000E+01 4.000E+00 5.541E+34     
 5.000E+00 0.000E+00 5.490E+02 2.745E+02 5.000E+01 4.000E+00 5.541E+34     

# Channel          : fission.tot    
# Frms limit       : 1.000E+30
# Chi2 limit       : 1.000E+30
# Fracmax          : 2.000E-02
# xs (mb) limit    : 1.000E-01

# Data set         :   1   fission.tot    
# Author           : endfb8.1            
# Year             :    0
# EXFOR subentry   :          
# Weight           :      1.00000
# Quality          :   
# energy     TALYS      exp       dexp  rel. unc. %   Chi2      C/E   include
 1.000E+00 0.000E+00 1.460E+01 7.298E+00 5.000E+01 4.000E+00 5.541E+34     
 1.005E+00 0.000E+00 1.754E+01 8.771E+00 5.000E+01 4.000E+00 5.541E+34     
 1.008E+00 0.000E+00 1.742E+01 8.711E+00 5.000E+01 4.000E+00 5.541E+34     
 1.020E+00 0.000E+00 1.632E+01 8.160E+00 5.000E+01 4.000E+00 5.541E+34     
 1.035E+00 0.000E+00 1.755E+01 8.773E+00 5.000E+01 4.000E+00 5.541E+34     
 1.049E+00 0.000E+00 2.086E+01 1.043E+01 5.000E+01 4.000E+00 5.541E+34     
 1.064E+00 0.000E+00 2.303E+01 1.151E+01 5.000E+01 4.000E+00 5.541E+34     
 1.080E+00 0.000E+00 2.678E+01 1.339E+01 5.000E+01 4.000E+00 5.541E+34     
 1.091E+00 0.000E+00 2.941E+01 1.471E+01 5.000E+01 4.000E+00 5.541E+34     
 1.100E+00 0.000E+00 3.103E+01 1.551E+01 5.000E+01 4.000E+00 5.541E+34     
 1.121E+00 0.000E+00 3.579E+01 1.790E+01 5.000E+01 4.000E+00 5.541E+34     
 1.138E+00 0.000E+00 3.605E+01 1.802E+01 5.000E+01 4.000E+00 5.541E+34     
 1.154E+00 0.000E+00 4.180E+01 2.090E+01 5.000E+01 4.000E+00 5.541E+34     
 1.169E+00 0.000E+00 4.381E+01 2.190E+01 5.000E+01 4.000E+00 5.541E+34     
 1.200E+00 0.000E+00 4.285E+01 2.142E+01 5.000E+01 4.000E+00 5.541E+34     
 1.220E+00 0.000E+00 4.103E+01 2.052E+01 5.000E+01 4.000E+00 5.541E+34     
 1.238E+00 0.000E+00 4.249E+01 2.124E+01 5.000E+01 4.000E+00 5.541E+34     
 1.250E+00 0.000E+00 4.430E+01 2.215E+01 5.000E+01 4.000E+00 5.541E+34     
 1.272E+00 0.000E+00 5.822E+01 2.911E+01 5.000E+01 4.000E+00 5.541E+34     
 1.291E+00 0.000E+00 6.851E+01 3.426E+01 5.000E+01 4.000E+00 5.541E+34     
 1.311E+00 0.000E+00 8.231E+01 4.115E+01 5.000E+01 4.000E+00 5.541E+34     
 1.331E+00 0.000E+00 9.906E+01 4.953E+01 5.000E+01 4.000E+00 5.541E+34     
 1.351E+00 0.000E+00 1.187E+02 5.936E+01 5.000E+01 4.000E+00 5.541E+34     
 1.371E+00 0.000E+00 1.497E+02 7.483E+01 5.000E+01 4.000E+00 5.541E+34     
 1.391E+00 0.000E+00 1.910E+02 9.548E+01 5.000E+01 4.000E+00 5.541E+34     
 1.400E+00 0.000E+00 1.941E+02 9.704E+01 5.000E+01 4.000E+00 5.541E+34     
 1.415E+00 0.000E+00 2.254E+02 1.127E+02 5.000E+01 4.000E+00 5.541E+34     
 1.439E+00 0.000E+00 2.770E+02 1.385E+02 5.000E+01 4.000E+00 5.541E+34     
 1.459E+00 0.000E+00 3.175E+02 1.587E+02 5.000E+01 4.000E+00 5.541E+34     
 1.481E+00 0.000E+00 3.466E+02 1.733E+02 5.000E+01 4.000E+00 5.541E+34     
 1.505E+00 0.000E+00 3.639E+02 1.820E+02 5.000E+01 4.000E+00 5.541E+34     
 1.530E+00 0.000E+00 3.795E+02 1.897E+02 5.000E+01 4.000E+00 5.541E+34     
 1.555E+00 0.000E+00 3.903E+02 1.951E+02 5.000E+01 4.000E+00 5.541E+34     
 1.580E+00 0.000E+00 4.092E+02 2.046E+02 5.000E+01 4.000E+00 5.541E+34     
 1.600E+00 0.000E+00 4.258E+02 2.129E+02 5.000E+01 4.000E+00 5.541E+34     
 1.605E+00 0.000E+00 4.247E+02 2.123E+02 5.000E+01 4.000E+00 5.541E+34     
 1.634E+00 0.000E+00 4.296E+02 2.148E+02 5.000E+01 4.000E+00 5.541E+34     
 1.660E+00 0.000E+00 4.362E+02 2.181E+02 5.000E+01 4.000E+00 5.541E+34     
 1.686E+00 0.000E+00 4.481E+02 2.240E+02 5.000E+01 4.000E+00 5.541E+34     
 1.716E+00 0.000E+00 4.688E+02 2.344E+02 5.000E+01 4.000E+00 5.541E+34     
 1.745E+00 0.000E+00 4.816E+02 2.408E+02 5.000E+01 4.000E+00 5.541E+34     
 1.776E+00 0.000E+00 4.920E+02 2.460E+02 5.000E+01 4.000E+00 5.541E+34     
 1.800E+00 0.000E+00 4.889E+02 2.445E+02 5.000E+01 4.000E+00 5.541E+34     
 1.806E+00 0.000E+00 5.024E+02 2.512E+02 5.000E+01 4.000E+00 5.541E+34     
 1.840E+00 0.000E+00 5.186E+02 2.593E+02 5.000E+01 4.000E+00 5.541E+34     
 1.873E+00 0.000E+00 5.196E+02 2.598E+02 5.000E+01 4.000E+00 5.541E+34     
 1.906E+00 0.000E+00 5.394E+02 2.697E+02 5.000E+01 4.000E+00 5.541E+34     
 1.940E+00 0.000E+00 5.393E+02 2.696E+02 5.000E+01 4.000E+00 5.541E+34     
 1.975E+00 0.000E+00 5.406E+02 2.703E+02 5.000E+01 4.000E+00 5.541E+34     
 2.000E+00 0.000E+00 5.379E+02 2.689E+02 5.000E+01 4.000E+00 5.541E+34     
 2.200E+00 0.000E+00 5.496E+02 2.748E+02 5.000E+01 4.000E+00 5.541E+34     
 2.451E+00 0.000E+00 5.462E+02 2.731E+02 5.000E+01 4.000E+00 5.541E+34     
 2.769E+00 0.000E+00 5.399E+02 2.700E+02 5.000E+01 4.000E+00 5.541E+34     
 2.800E+00 0.000E+00 5.394E+02 2.697E+02 5.000E+01 4.000E+00 5.541E+34     
 3.000E+00 0.000E+00 5.262E+02 2.631E+02 5.000E+01 4.000E+00 5.541E+34     
 3.625E+00 0.000E+00 5.501E+02 2.750E+02 5.000E+01 4.000E+00 5.541E+34     
 4.056E+00 0.000E+00 5.581E+02 2.791E+02 5.000E+01 4.000E+00 5.541E+34     
 4.500E+00 0.000E+00 5.627E+02 2.813E+02 5.000E+01 4.000E+00 5.541E+34     
 4.700E+00 0.000E+00 5.606E+02 2.803E+02 5.000E+01 4.000E+00 5.541E+34     
 5.000E+00 0.000E+00 5.490E+02 2.745E+02 5.000E+01 4.000E+00 5.541E+34     

# Channel          : fission.tot    
# Frms limit       : 1.000E+30
# Chi2 limit       : 1.000E+30
# Fracmax          : 2.000E-02
# xs (mb) limit    : 1.000E-01

# Data set         :   1   fission.tot    
# Author           : endfb8.1            
# Year             :    0
# EXFOR subentry   :          
# Weight           :      1.00000
# Quality          :   
# energy     TALYS      exp       dexp  rel. unc. %   Chi2      C/E   include
 1.000E+00 0.000E+00 1.460E+01 7.298E+00 5.000E+01 4.000E+00 5.541E+34     
 1.005E+00 0.000E+00 1.754E+01 8.771E+00 5.000E+01 4.000E+00 5.541E+34     
 1.008E+00 0.000E+00 1.742E+01 8.711E+00 5.000E+01 4.000E+00 5.541E+34     
 1.020E+00 0.000E+00 1.632E+01 8.160E+00 5.000E+01 4.000E+00 5.541E+34     
 1.035E+00 0.000E+00 1.755E+01 8.773E+00 5.000E+01 4.000E+00 5.541E+34     
 1.049E+00 0.000E+00 2.086E+01 1.043E+01 5.000E+01 4.000E+00 5.541E+34     
 1.064E+00 0.000E+00 2.303E+01 1.151E+01 5.000E+01 4.000E+00 5.541E+34     
 1.080E+00 0.000E+00 2.678E+01 1.339E+01 5.000E+01 4.000E+00 5.541E+34     
 1.091E+00 0.000E+00 2.941E+01 1.471E+01 5.000E+01 4.000E+00 5.541E+34     
 1.100E+00 0.000E+00 3.103E+01 1.551E+01 5.000E+01 4.000E+00 5.541E+34     
 1.121E+00 0.000E+00 3.579E+01 1.790E+01 5.000E+01 4.000E+00 5.541E+34     
 1.138E+00 0.000E+00 3.605E+01 1.802E+01 5.000E+01 4.000E+00 5.541E+34     
 1.154E+00 0.000E+00 4.180E+01 2.090E+01 5.000E+01 4.000E+00 5.541E+34     
 1.169E+00 0.000E+00 4.381E+01 2.190E+01 5.000E+01 4.000E+00 5.541E+34     
 1.200E+00 0.000E+00 4.285E+01 2.142E+01 5.000E+01 4.000E+00 5.541E+34     
 1.220E+00 0.000E+00 4.103E+01 2.052E+01 5.000E+01 4.000E+00 5.541E+34     
 1.238E+00 0.000E+00 4.249E+01 2.124E+01 5.000E+01 4.000E+00 5.541E+34     
 1.250E+00 0.000E+00 4.430E+01 2.215E+01 5.000E+01 4.000E+00 5.541E+34     
 1.272E+00 0.000E+00 5.822E+01 2.911E+01 5.000E+01 4.000E+00 5.541E+34     
 1.291E+00 0.000E+00 6.851E+01 3.426E+01 5.000E+01 4.000E+00 5.541E+34     
 1.311E+00 0.000E+00 8.231E+01 4.115E+01 5.000E+01 4.000E+00 5.541E+34     
 1.331E+00 0.000E+00 9.906E+01 4.953E+01 5.000E+01 4.000E+00 5.541E+34     
 1.351E+00 0.000E+00 1.187E+02 5.936E+01 5.000E+01 4.000E+00 5.541E+34     
 1.371E+00 0.000E+00 1.497E+02 7.483E+01 5.000E+01 4.000E+00 5.541E+34     
 1.391E+00 0.000E+00 1.910E+02 9.548E+01 5.000E+01 4.000E+00 5.541E+34     
 1.400E+00 0.000E+00 1.941E+02 9.704E+01 5.000E+01 4.000E+00 5.541E+34     
 1.415E+00 0.000E+00 2.254E+02 1.127E+02 5.000E+01 4.000E+00 5.541E+34     
 1.439E+00 0.000E+00 2.770E+02 1.385E+02 5.000E+01 4.000E+00 5.541E+34     
 1.459E+00 0.000E+00 3.175E+02 1.587E+02 5.000E+01 4.000E+00 5.541E+34     
 1.481E+00 0.000E+00 3.466E+02 1.733E+02 5.000E+01 4.000E+00 5.541E+34     
 1.505E+00 0.000E+00 3.639E+02 1.820E+02 5.000E+01 4.000E+00 5.541E+34     
 1.530E+00 0.000E+00 3.795E+02 1.897E+02 5.000E+01 4.000E+00 5.541E+34     
 1.555E+00 0.000E+00 3.903E+02 1.951E+02 5.000E+01 4.000E+00 5.541E+34     
 1.580E+00 0.000E+00 4.092E+02 2.046E+02 5.000E+01 4.000E+00 5.541E+34     
 1.600E+00 0.000E+00 4.258E+02 2.129E+02 5.000E+01 4.000E+00 5.541E+34     
 1.605E+00 0.000E+00 4.247E+02 2.123E+02 5.000E+01 4.000E+00 5.541E+34     
 1.634E+00 0.000E+00 4.296E+02 2.148E+02 5.000E+01 4.000E+00 5.541E+34     
 1.660E+00 0.000E+00 4.362E+02 2.181E+02 5.000E+01 4.000E+00 5.541E+34     
 1.686E+00 0.000E+00 4.481E+02 2.240E+02 5.000E+01 4.000E+00 5.541E+34     
 1.716E+00 0.000E+00 4.688E+02 2.344E+02 5.000E+01 4.000E+00 5.541E+34     
 1.745E+00 0.000E+00 4.816E+02 2.408E+02 5.000E+01 4.000E+00 5.541E+34     
 1.776E+00 0.000E+00 4.920E+02 2.460E+02 5.000E+01 4.000E+00 5.541E+34     
 1.800E+00 0.000E+00 4.889E+02 2.445E+02 5.000E+01 4.000E+00 5.541E+34     
 1.806E+00 0.000E+00 5.024E+02 2.512E+02 5.000E+01 4.000E+00 5.541E+34     
 1.840E+00 0.000E+00 5.186E+02 2.593E+02 5.000E+01 4.000E+00 5.541E+34     
 1.873E+00 0.000E+00 5.196E+02 2.598E+02 5.000E+01 4.000E+00 5.541E+34     
 1.906E+00 0.000E+00 5.394E+02 2.697E+02 5.000E+01 4.000E+00 5.541E+34     
 1.940E+00 0.000E+00 5.393E+02 2.696E+02 5.000E+01 4.000E+00 5.541E+34     
 1.975E+00 0.000E+00 5.406E+02 2.703E+02 5.000E+01 4.000E+00 5.541E+34     
 2.000E+00 0.000E+00 5.379E+02 2.689E+02 5.000E+01 4.000E+00 5.541E+34     
 2.200E+00 0.000E+00 5.496E+02 2.748E+02 5.000E+01 4.000E+00 5.541E+34     
 2.451E+00 0.000E+00 5.462E+02 2.731E+02 5.000E+01 4.000E+00 5.541E+34     
 2.769E+00 0.000E+00 5.399E+02 2.700E+02 5.000E+01 4.000E+00 5.541E+34     
 2.800E+00 0.000E+00 5.394E+02 2.697E+02 5.000E+01 4.000E+00 5.541E+34     
 3.000E+00 0.000E+00 5.262E+02 2.631E+02 5.000E+01 4.000E+00 5.541E+34     
 3.625E+00 0.000E+00 5.501E+02 2.750E+02 5.000E+01 4.000E+00 5.541E+34     
 4.056E+00 0.000E+00 5.581E+02 2.791E+02 5.000E+01 4.000E+00 5.541E+34     
 4.500E+00 0.000E+00 5.627E+02 2.813E+02 5.000E+01 4.000E+00 5.541E+34     
 4.700E+00 0.000E+00 5.606E+02 2.803E+02 5.000E+01 4.000E+00 5.541E+34     
 5.000E+00 0.000E+00 5.490E+02 2.745E+02 5.000E+01 4.000E+00 5.541E+34     

# Channel          : fission.tot    
# Frms limit       : 1.000E+30
# Chi2 limit       : 1.000E+30
# Fracmax          : 2.000E-02
# xs (mb) limit    : 1.000E-01

# Data set         :   1   fission.tot    
# Author           : endfb8.1            
# Year             :    0
# EXFOR subentry   :          
# Weight           :      1.00000
# Quality          :   
# energy     TALYS      exp       dexp  rel. unc. %   Chi2      C/E   include
 1.000E+00 0.000E+00 1.460E+01 7.298E+00 5.000E+01 4.000E+00 5.541E+34     
 1.005E+00 0.000E+00 1.754E+01 8.771E+00 5.000E+01 4.000E+00 5.541E+34     
 1.008E+00 0.000E+00 1.742E+01 8.711E+00 5.000E+01 4.000E+00 5.541E+34     
 1.020E+00 0.000E+00 1.632E+01 8.160E+00 5.000E+01 4.000E+00 5.541E+34     
 1.035E+00 0.000E+00 1.755E+01 8.773E+00 5.000E+01 4.000E+00 5.541E+34     
 1.049E+00 0.000E+00 2.086E+01 1.043E+01 5.000E+01 4.000E+00 5.541E+34     
 1.064E+00 0.000E+00 2.303E+01 1.151E+01 5.000E+01 4.000E+00 5.541E+34     
 1.080E+00 0.000E+00 2.678E+01 1.339E+01 5.000E+01 4.000E+00 5.541E+34     
 1.091E+00 0.000E+00 2.941E+01 1.471E+01 5.000E+01 4.000E+00 5.541E+34     
 1.100E+00 0.000E+00 3.103E+01 1.551E+01 5.000E+01 4.000E+00 5.541E+34     
 1.121E+00 0.000E+00 3.579E+01 1.790E+01 5.000E+01 4.000E+00 5.541E+34     
 1.138E+00 0.000E+00 3.605E+01 1.802E+01 5.000E+01 4.000E+00 5.541E+34     
 1.154E+00 0.000E+00 4.180E+01 2.090E+01 5.000E+01 4.000E+00 5.541E+34     
 1.169E+00 0.000E+00 4.381E+01 2.190E+01 5.000E+01 4.000E+00 5.541E+34     
 1.200E+00 0.000E+00 4.285E+01 2.142E+01 5.000E+01 4.000E+00 5.541E+34     
 1.220E+00 0.000E+00 4.103E+01 2.052E+01 5.000E+01 4.000E+00 5.541E+34     
 1.238E+00 0.000E+00 4.249E+01 2.124E+01 5.000E+01 4.000E+00 5.541E+34     
 1.250E+00 0.000E+00 4.430E+01 2.215E+01 5.000E+01 4.000E+00 5.541E+34     
 1.272E+00 0.000E+00 5.822E+01 2.911E+01 5.000E+01 4.000E+00 5.541E+34     
 1.291E+00 0.000E+00 6.851E+01 3.426E+01 5.000E+01 4.000E+00 5.541E+34     
 1.311E+00 0.000E+00 8.231E+01 4.115E+01 5.000E+01 4.000E+00 5.541E+34     
 1.331E+00 0.000E+00 9.906E+01 4.953E+01 5.000E+01 4.000E+00 5.541E+34     
 1.351E+00 0.000E+00 1.187E+02 5.936E+01 5.000E+01 4.000E+00 5.541E+34     
 1.371E+00 0.000E+00 1.497E+02 7.483E+01 5.000E+01 4.000E+00 5.541E+34     
 1.391E+00 0.000E+00 1.910E+02 9.548E+01 5.000E+01 4.000E+00 5.541E+34     
 1.400E+00 0.000E+00 1.941E+02 9.704E+01 5.000E+01 4.000E+00 5.541E+34     
 1.415E+00 0.000E+00 2.254E+02 1.127E+02 5.000E+01 4.000E+00 5.541E+34     
 1.439E+00 0.000E+00 2.770E+02 1.385E+02 5.000E+01 4.000E+00 5.541E+34     
 1.459E+00 0.000E+00 3.175E+02 1.587E+02 5.000E+01 4.000E+00 5.541E+34     
 1.481E+00 0.000E+00 3.466E+02 1.733E+02 5.000E+01 4.000E+00 5.541E+34     
 1.505E+00 0.000E+00 3.639E+02 1.820E+02 5.000E+01 4.000E+00 5.541E+34     
 1.530E+00 0.000E+00 3.795E+02 1.897E+02 5.000E+01 4.000E+00 5.541E+34     
 1.555E+00 0.000E+00 3.903E+02 1.951E+02 5.000E+01 4.000E+00 5.541E+34     
 1.580E+00 0.000E+00 4.092E+02 2.046E+02 5.000E+01 4.000E+00 5.541E+34     
 1.600E+00 0.000E+00 4.258E+02 2.129E+02 5.000E+01 4.000E+00 5.541E+34     
 1.605E+00 0.000E+00 4.247E+02 2.123E+02 5.000E+01 4.000E+00 5.541E+34     
 1.634E+00 0.000E+00 4.296E+02 2.148E+02 5.000E+01 4.000E+00 5.541E+34     
 1.660E+00 0.000E+00 4.362E+02 2.181E+02 5.000E+01 4.000E+00 5.541E+34     
 1.686E+00 0.000E+00 4.481E+02 2.240E+02 5.000E+01 4.000E+00 5.541E+34     
 1.716E+00 0.000E+00 4.688E+02 2.344E+02 5.000E+01 4.000E+00 5.541E+34     
 1.745E+00 0.000E+00 4.816E+02 2.408E+02 5.000E+01 4.000E+00 5.541E+34     
 1.776E+00 0.000E+00 4.920E+02 2.460E+02 5.000E+01 4.000E+00 5.541E+34     
 1.800E+00 0.000E+00 4.889E+02 2.445E+02 5.000E+01 4.000E+00 5.541E+34     
 1.806E+00 0.000E+00 5.024E+02 2.512E+02 5.000E+01 4.000E+00 5.541E+34     
 1.840E+00 0.000E+00 5.186E+02 2.593E+02 5.000E+01 4.000E+00 5.541E+34     
 1.873E+00 0.000E+00 5.196E+02 2.598E+02 5.000E+01 4.000E+00 5.541E+34     
 1.906E+00 0.000E+00 5.394E+02 2.697E+02 5.000E+01 4.000E+00 5.541E+34     
 1.940E+00 0.000E+00 5.393E+02 2.696E+02 5.000E+01 4.000E+00 5.541E+34     
 1.975E+00 0.000E+00 5.406E+02 2.703E+02 5.000E+01 4.000E+00 5.541E+34     
 2.000E+00 0.000E+00 5.379E+02 2.689E+02 5.000E+01 4.000E+00 5.541E+34     
 2.200E+00 0.000E+00 5.496E+02 2.748E+02 5.000E+01 4.000E+00 5.541E+34     
 2.451E+00 0.000E+00 5.462E+02 2.731E+02 5.000E+01 4.000E+00 5.541E+34     
 2.769E+00 0.000E+00 5.399E+02 2.700E+02 5.000E+01 4.000E+00 5.541E+34     
 2.800E+00 0.000E+00 5.394E+02 2.697E+02 5.000E+01 4.000E+00 5.541E+34     
 3.000E+00 0.000E+00 5.262E+02 2.631E+02 5.000E+01 4.000E+00 5.541E+34     
 3.625E+00 0.000E+00 5.501E+02 2.750E+02 5.000E+01 4.000E+00 5.541E+34     
 4.056E+00 0.000E+00 5.581E+02 2.791E+02 5.000E+01 4.000E+00 5.541E+34     
 4.500E+00 0.000E+00 5.627E+02 2.813E+02 5.000E+01 4.000E+00 5.541E+34     
 4.700E+00 0.000E+00 5.606E+02 2.803E+02 5.000E+01 4.000E+00 5.541E+34     
 5.000E+00 0.000E+00 5.490E+02 2.745E+02 5.000E+01 4.000E+00 5.541E+34     

# Channel          : fission.tot    
# Frms limit       : 1.000E+30
# Chi2 limit       : 1.000E+30
# Fracmax          : 2.000E-02
# xs (mb) limit    : 1.000E-01

# Data set         :   1   fission.tot    
# Author           : endfb8.1            
# Year             :    0
# EXFOR subentry   :          
# Weight           :      1.00000
# Quality          :   
# energy     TALYS      exp       dexp  rel. unc. %   Chi2      C/E   include
 1.000E+00 0.000E+00 1.460E+01 7.298E+00 5.000E+01 4.000E+00 5.541E+34     
 1.005E+00 0.000E+00 1.754E+01 8.771E+00 5.000E+01 4.000E+00 5.541E+34     
 1.008E+00 0.000E+00 1.742E+01 8.711E+00 5.000E+01 4.000E+00 5.541E+34     
 1.020E+00 0.000E+00 1.632E+01 8.160E+00 5.000E+01 4.000E+00 5.541E+34     
 1.035E+00 0.000E+00 1.755E+01 8.773E+00 5.000E+01 4.000E+00 5.541E+34     
 1.049E+00 0.000E+00 2.086E+01 1.043E+01 5.000E+01 4.000E+00 5.541E+34     
 1.064E+00 0.000E+00 2.303E+01 1.151E+01 5.000E+01 4.000E+00 5.541E+34     
 1.080E+00 0.000E+00 2.678E+01 1.339E+01 5.000E+01 4.000E+00 5.541E+34     
 1.091E+00 0.000E+00 2.941E+01 1.471E+01 5.000E+01 4.000E+00 5.541E+34     
 1.100E+00 0.000E+00 3.103E+01 1.551E+01 5.000E+01 4.000E+00 5.541E+34     
 1.121E+00 0.000E+00 3.579E+01 1.790E+01 5.000E+01 4.000E+00 5.541E+34     
 1.138E+00 0.000E+00 3.605E+01 1.802E+01 5.000E+01 4.000E+00 5.541E+34     
 1.154E+00 0.000E+00 4.180E+01 2.090E+01 5.000E+01 4.000E+00 5.541E+34     
 1.169E+00 0.000E+00 4.381E+01 2.190E+01 5.000E+01 4.000E+00 5.541E+34     
 1.200E+00 0.000E+00 4.285E+01 2.142E+01 5.000E+01 4.000E+00 5.541E+34     
 1.220E+00 0.000E+00 4.103E+01 2.052E+01 5.000E+01 4.000E+00 5.541E+34     
 1.238E+00 0.000E+00 4.249E+01 2.124E+01 5.000E+01 4.000E+00 5.541E+34     
 1.250E+00 0.000E+00 4.430E+01 2.215E+01 5.000E+01 4.000E+00 5.541E+34     
 1.272E+00 0.000E+00 5.822E+01 2.911E+01 5.000E+01 4.000E+00 5.541E+34     
 1.291E+00 0.000E+00 6.851E+01 3.426E+01 5.000E+01 4.000E+00 5.541E+34     
 1.311E+00 0.000E+00 8.231E+01 4.115E+01 5.000E+01 4.000E+00 5.541E+34     
 1.331E+00 0.000E+00 9.906E+01 4.953E+01 5.000E+01 4.000E+00 5.541E+34     
 1.351E+00 0.000E+00 1.187E+02 5.936E+01 5.000E+01 4.000E+00 5.541E+34     
 1.371E+00 0.000E+00 1.497E+02 7.483E+01 5.000E+01 4.000E+00 5.541E+34     
 1.391E+00 0.000E+00 1.910E+02 9.548E+01 5.000E+01 4.000E+00 5.541E+34     
 1.400E+00 0.000E+00 1.941E+02 9.704E+01 5.000E+01 4.000E+00 5.541E+34     
 1.415E+00 0.000E+00 2.254E+02 1.127E+02 5.000E+01 4.000E+00 5.541E+34     
 1.439E+00 0.000E+00 2.770E+02 1.385E+02 5.000E+01 4.000E+00 5.541E+34     
 1.459E+00 0.000E+00 3.175E+02 1.587E+02 5.000E+01 4.000E+00 5.541E+34     
 1.481E+00 0.000E+00 3.466E+02 1.733E+02 5.000E+01 4.000E+00 5.541E+34     
 1.505E+00 0.000E+00 3.639E+02 1.820E+02 5.000E+01 4.000E+00 5.541E+34     
 1.530E+00 0.000E+00 3.795E+02 1.897E+02 5.000E+01 4.000E+00 5.541E+34     
 1.555E+00 0.000E+00 3.903E+02 1.951E+02 5.000E+01 4.000E+00 5.541E+34     
 1.580E+00 0.000E+00 4.092E+02 2.046E+02 5.000E+01 4.000E+00 5.541E+34     
 1.600E+00 0.000E+00 4.258E+02 2.129E+02 5.000E+01 4.000E+00 5.541E+34     
 1.605E+00 0.000E+00 4.247E+02 2.123E+02 5.000E+01 4.000E+00 5.541E+34     
 1.634E+00 0.000E+00 4.296E+02 2.148E+02 5.000E+01 4.000E+00 5.541E+34     
 1.660E+00 0.000E+00 4.362E+02 2.181E+02 5.000E+01 4.000E+00 5.541E+34     
 1.686E+00 0.000E+00 4.481E+02 2.240E+02 5.000E+01 4.000E+00 5.541E+34     
 1.716E+00 0.000E+00 4.688E+02 2.344E+02 5.000E+01 4.000E+00 5.541E+34     
 1.745E+00 0.000E+00 4.816E+02 2.408E+02 5.000E+01 4.000E+00 5.541E+34     
 1.776E+00 0.000E+00 4.920E+02 2.460E+02 5.000E+01 4.000E+00 5.541E+34     
 1.800E+00 0.000E+00 4.889E+02 2.445E+02 5.000E+01 4.000E+00 5.541E+34     
 1.806E+00 0.000E+00 5.024E+02 2.512E+02 5.000E+01 4.000E+00 5.541E+34     
 1.840E+00 0.000E+00 5.186E+02 2.593E+02 5.000E+01 4.000E+00 5.541E+34     
 1.873E+00 0.000E+00 5.196E+02 2.598E+02 5.000E+01 4.000E+00 5.541E+34     
 1.906E+00 0.000E+00 5.394E+02 2.697E+02 5.000E+01 4.000E+00 5.541E+34     
 1.940E+00 0.000E+00 5.393E+02 2.696E+02 5.000E+01 4.000E+00 5.541E+34     
 1.975E+00 0.000E+00 5.406E+02 2.703E+02 5.000E+01 4.000E+00 5.541E+34     
 2.000E+00 0.000E+00 5.379E+02 2.689E+02 5.000E+01 4.000E+00 5.541E+34     
 2.200E+00 0.000E+00 5.496E+02 2.748E+02 5.000E+01 4.000E+00 5.541E+34     
 2.451E+00 0.000E+00 5.462E+02 2.731E+02 5.000E+01 4.000E+00 5.541E+34     
 2.769E+00 0.000E+00 5.399E+02 2.700E+02 5.000E+01 4.000E+00 5.541E+34     
 2.800E+00 0.000E+00 5.394E+02 2.697E+02 5.000E+01 4.000E+00 5.541E+34     
 3.000E+00 0.000E+00 5.262E+02 2.631E+02 5.000E+01 4.000E+00 5.541E+34     
 3.625E+00 0.000E+00 5.501E+02 2.750E+02 5.000E+01 4.000E+00 5.541E+34     
 4.056E+00 0.000E+00 5.581E+02 2.791E+02 5.000E+01 4.000E+00 5.541E+34     
 4.500E+00 0.000E+00 5.627E+02 2.813E+02 5.000E+01 4.000E+00 5.541E+34     
 4.700E+00 0.000E+00 5.606E+02 2.803E+02 5.000E+01 4.000E+00 5.541E+34     
 5.000E+00 0.000E+00 5.490E+02 2.745E+02 5.000E+01 4.000E+00 5.541E+34     

# Channel          : fission.tot    
# Frms limit       : 1.000E+30
# Chi2 limit       : 1.000E+30
# Fracmax          : 2.000E-02
# xs (mb) limit    : 1.000E-01

# Data set         :   1   fission.tot    
# Author           : endfb8.1            
# Year             :    0
# EXFOR subentry   :          
# Weight           :      1.00000
# Quality          :   
# energy     TALYS      exp       dexp  rel. unc. %   Chi2      C/E   include
 1.000E+00 0.000E+00 1.460E+01 7.298E+00 5.000E+01 4.000E+00 5.541E+34     
 1.005E+00 0.000E+00 1.754E+01 8.771E+00 5.000E+01 4.000E+00 5.541E+34     
 1.008E+00 0.000E+00 1.742E+01 8.711E+00 5.000E+01 4.000E+00 5.541E+34     
 1.020E+00 0.000E+00 1.632E+01 8.160E+00 5.000E+01 4.000E+00 5.541E+34     
 1.035E+00 0.000E+00 1.755E+01 8.773E+00 5.000E+01 4.000E+00 5.541E+34     
 1.049E+00 0.000E+00 2.086E+01 1.043E+01 5.000E+01 4.000E+00 5.541E+34     
 1.064E+00 0.000E+00 2.303E+01 1.151E+01 5.000E+01 4.000E+00 5.541E+34     
 1.080E+00 0.000E+00 2.678E+01 1.339E+01 5.000E+01 4.000E+00 5.541E+34     
 1.091E+00 0.000E+00 2.941E+01 1.471E+01 5.000E+01 4.000E+00 5.541E+34     
 1.100E+00 0.000E+00 3.103E+01 1.551E+01 5.000E+01 4.000E+00 5.541E+34     
 1.121E+00 0.000E+00 3.579E+01 1.790E+01 5.000E+01 4.000E+00 5.541E+34     
 1.138E+00 0.000E+00 3.605E+01 1.802E+01 5.000E+01 4.000E+00 5.541E+34     
 1.154E+00 0.000E+00 4.180E+01 2.090E+01 5.000E+01 4.000E+00 5.541E+34     
 1.169E+00 0.000E+00 4.381E+01 2.190E+01 5.000E+01 4.000E+00 5.541E+34     
 1.200E+00 0.000E+00 4.285E+01 2.142E+01 5.000E+01 4.000E+00 5.541E+34     
 1.220E+00 0.000E+00 4.103E+01 2.052E+01 5.000E+01 4.000E+00 5.541E+34     
 1.238E+00 0.000E+00 4.249E+01 2.124E+01 5.000E+01 4.000E+00 5.541E+34     
 1.250E+00 0.000E+00 4.430E+01 2.215E+01 5.000E+01 4.000E+00 5.541E+34     
 1.272E+00 0.000E+00 5.822E+01 2.911E+01 5.000E+01 4.000E+00 5.541E+34     
 1.291E+00 0.000E+00 6.851E+01 3.426E+01 5.000E+01 4.000E+00 5.541E+34     
 1.311E+00 0.000E+00 8.231E+01 4.115E+01 5.000E+01 4.000E+00 5.541E+34     
 1.331E+00 0.000E+00 9.906E+01 4.953E+01 5.000E+01 4.000E+00 5.541E+34     
 1.351E+00 0.000E+00 1.187E+02 5.936E+01 5.000E+01 4.000E+00 5.541E+34     
 1.371E+00 0.000E+00 1.497E+02 7.483E+01 5.000E+01 4.000E+00 5.541E+34     
 1.391E+00 0.000E+00 1.910E+02 9.548E+01 5.000E+01 4.000E+00 5.541E+34     
 1.400E+00 0.000E+00 1.941E+02 9.704E+01 5.000E+01 4.000E+00 5.541E+34     
 1.415E+00 0.000E+00 2.254E+02 1.127E+02 5.000E+01 4.000E+00 5.541E+34     
 1.439E+00 0.000E+00 2.770E+02 1.385E+02 5.000E+01 4.000E+00 5.541E+34     
 1.459E+00 0.000E+00 3.175E+02 1.587E+02 5.000E+01 4.000E+00 5.541E+34     
 1.481E+00 0.000E+00 3.466E+02 1.733E+02 5.000E+01 4.000E+00 5.541E+34     
 1.505E+00 0.000E+00 3.639E+02 1.820E+02 5.000E+01 4.000E+00 5.541E+34     
 1.530E+00 0.000E+00 3.795E+02 1.897E+02 5.000E+01 4.000E+00 5.541E+34     
 1.555E+00 0.000E+00 3.903E+02 1.951E+02 5.000E+01 4.000E+00 5.541E+34     
 1.580E+00 0.000E+00 4.092E+02 2.046E+02 5.000E+01 4.000E+00 5.541E+34     
 1.600E+00 0.000E+00 4.258E+02 2.129E+02 5.000E+01 4.000E+00 5.541E+34     
 1.605E+00 0.000E+00 4.247E+02 2.123E+02 5.000E+01 4.000E+00 5.541E+34     
 1.634E+00 0.000E+00 4.296E+02 2.148E+02 5.000E+01 4.000E+00 5.541E+34     
 1.660E+00 0.000E+00 4.362E+02 2.181E+02 5.000E+01 4.000E+00 5.541E+34     
 1.686E+00 0.000E+00 4.481E+02 2.240E+02 5.000E+01 4.000E+00 5.541E+34     
 1.716E+00 0.000E+00 4.688E+02 2.344E+02 5.000E+01 4.000E+00 5.541E+34     
 1.745E+00 0.000E+00 4.816E+02 2.408E+02 5.000E+01 4.000E+00 5.541E+34     
 1.776E+00 0.000E+00 4.920E+02 2.460E+02 5.000E+01 4.000E+00 5.541E+34     
 1.800E+00 0.000E+00 4.889E+02 2.445E+02 5.000E+01 4.000E+00 5.541E+34     
 1.806E+00 0.000E+00 5.024E+02 2.512E+02 5.000E+01 4.000E+00 5.541E+34     
 1.840E+00 0.000E+00 5.186E+02 2.593E+02 5.000E+01 4.000E+00 5.541E+34     
 1.873E+00 0.000E+00 5.196E+02 2.598E+02 5.000E+01 4.000E+00 5.541E+34     
 1.906E+00 0.000E+00 5.394E+02 2.697E+02 5.000E+01 4.000E+00 5.541E+34     
 1.940E+00 0.000E+00 5.393E+02 2.696E+02 5.000E+01 4.000E+00 5.541E+34     
 1.975E+00 0.000E+00 5.406E+02 2.703E+02 5.000E+01 4.000E+00 5.541E+34     
 2.000E+00 0.000E+00 5.379E+02 2.689E+02 5.000E+01 4.000E+00 5.541E+34     
 2.200E+00 0.000E+00 5.496E+02 2.748E+02 5.000E+01 4.000E+00 5.541E+34     
 2.451E+00 0.000E+00 5.462E+02 2.731E+02 5.000E+01 4.000E+00 5.541E+34     
 2.769E+00 0.000E+00 5.399E+02 2.700E+02 5.000E+01 4.000E+00 5.541E+34     
 2.800E+00 0.000E+00 5.394E+02 2.697E+02 5.000E+01 4.000E+00 5.541E+34     
 3.000E+00 0.000E+00 5.262E+02 2.631E+02 5.000E+01 4.000E+00 5.541E+34     
 3.625E+00 0.000E+00 5.501E+02 2.750E+02 5.000E+01 4.000E+00 5.541E+34     
 4.056E+00 0.000E+00 5.581E+02 2.791E+02 5.000E+01 4.000E+00 5.541E+34     
 4.500E+00 0.000E+00 5.627E+02 2.813E+02 5.000E+01 4.000E+00 5.541E+34     
 4.700E+00 0.000E+00 5.606E+02 2.803E+02 5.000E+01 4.000E+00 5.541E+34     
 5.000E+00 0.000E+00 5.490E+02 2.745E+02 5.000E+01 4.000E+00 5.541E+34     

# Channel          : fission.tot    
# Frms limit       : 1.000E+30
# Chi2 limit       : 1.000E+30
# Fracmax          : 2.000E-02
# xs (mb) limit    : 1.000E-01

# Data set         :   1   fission.tot    
# Author           : endfb8.1            
# Year             :    0
# EXFOR subentry   :          
# Weight           :      1.00000
# Quality          :   
# energy     TALYS      exp       dexp  rel. unc. %   Chi2      C/E   include
 1.000E+00 0.000E+00 1.460E+01 7.298E+00 5.000E+01 4.000E+00 5.541E+34     
 1.005E+00 0.000E+00 1.754E+01 8.771E+00 5.000E+01 4.000E+00 5.541E+34     
 1.008E+00 0.000E+00 1.742E+01 8.711E+00 5.000E+01 4.000E+00 5.541E+34     
 1.020E+00 0.000E+00 1.632E+01 8.160E+00 5.000E+01 4.000E+00 5.541E+34     
 1.035E+00 0.000E+00 1.755E+01 8.773E+00 5.000E+01 4.000E+00 5.541E+34     
 1.049E+00 0.000E+00 2.086E+01 1.043E+01 5.000E+01 4.000E+00 5.541E+34     
 1.064E+00 0.000E+00 2.303E+01 1.151E+01 5.000E+01 4.000E+00 5.541E+34     
 1.080E+00 0.000E+00 2.678E+01 1.339E+01 5.000E+01 4.000E+00 5.541E+34     
 1.091E+00 0.000E+00 2.941E+01 1.471E+01 5.000E+01 4.000E+00 5.541E+34     
 1.100E+00 0.000E+00 3.103E+01 1.551E+01 5.000E+01 4.000E+00 5.541E+34     
 1.121E+00 0.000E+00 3.579E+01 1.790E+01 5.000E+01 4.000E+00 5.541E+34     
 1.138E+00 0.000E+00 3.605E+01 1.802E+01 5.000E+01 4.000E+00 5.541E+34     
 1.154E+00 0.000E+00 4.180E+01 2.090E+01 5.000E+01 4.000E+00 5.541E+34     
 1.169E+00 0.000E+00 4.381E+01 2.190E+01 5.000E+01 4.000E+00 5.541E+34     
 1.200E+00 0.000E+00 4.285E+01 2.142E+01 5.000E+01 4.000E+00 5.541E+34     
 1.220E+00 0.000E+00 4.103E+01 2.052E+01 5.000E+01 4.000E+00 5.541E+34     
 1.238E+00 0.000E+00 4.249E+01 2.124E+01 5.000E+01 4.000E+00 5.541E+34     
 1.250E+00 0.000E+00 4.430E+01 2.215E+01 5.000E+01 4.000E+00 5.541E+34     
 1.272E+00 0.000E+00 5.822E+01 2.911E+01 5.000E+01 4.000E+00 5.541E+34     
 1.291E+00 0.000E+00 6.851E+01 3.426E+01 5.000E+01 4.000E+00 5.541E+34     
 1.311E+00 0.000E+00 8.231E+01 4.115E+01 5.000E+01 4.000E+00 5.541E+34     
 1.331E+00 0.000E+00 9.906E+01 4.953E+01 5.000E+01 4.000E+00 5.541E+34     
 1.351E+00 0.000E+00 1.187E+02 5.936E+01 5.000E+01 4.000E+00 5.541E+34     
 1.371E+00 0.000E+00 1.497E+02 7.483E+01 5.000E+01 4.000E+00 5.541E+34     
 1.391E+00 0.000E+00 1.910E+02 9.548E+01 5.000E+01 4.000E+00 5.541E+34     
 1.400E+00 0.000E+00 1.941E+02 9.704E+01 5.000E+01 4.000E+00 5.541E+34     
 1.415E+00 0.000E+00 2.254E+02 1.127E+02 5.000E+01 4.000E+00 5.541E+34     
 1.439E+00 0.000E+00 2.770E+02 1.385E+02 5.000E+01 4.000E+00 5.541E+34     
 1.459E+00 0.000E+00 3.175E+02 1.587E+02 5.000E+01 4.000E+00 5.541E+34     
 1.481E+00 0.000E+00 3.466E+02 1.733E+02 5.000E+01 4.000E+00 5.541E+34     
 1.505E+00 0.000E+00 3.639E+02 1.820E+02 5.000E+01 4.000E+00 5.541E+34     
 1.530E+00 0.000E+00 3.795E+02 1.897E+02 5.000E+01 4.000E+00 5.541E+34     
 1.555E+00 0.000E+00 3.903E+02 1.951E+02 5.000E+01 4.000E+00 5.541E+34     
 1.580E+00 0.000E+00 4.092E+02 2.046E+02 5.000E+01 4.000E+00 5.541E+34     
 1.600E+00 0.000E+00 4.258E+02 2.129E+02 5.000E+01 4.000E+00 5.541E+34     
 1.605E+00 0.000E+00 4.247E+02 2.123E+02 5.000E+01 4.000E+00 5.541E+34     
 1.634E+00 0.000E+00 4.296E+02 2.148E+02 5.000E+01 4.000E+00 5.541E+34     
 1.660E+00 0.000E+00 4.362E+02 2.181E+02 5.000E+01 4.000E+00 5.541E+34     
 1.686E+00 0.000E+00 4.481E+02 2.240E+02 5.000E+01 4.000E+00 5.541E+34     
 1.716E+00 0.000E+00 4.688E+02 2.344E+02 5.000E+01 4.000E+00 5.541E+34     
 1.745E+00 0.000E+00 4.816E+02 2.408E+02 5.000E+01 4.000E+00 5.541E+34     
 1.776E+00 0.000E+00 4.920E+02 2.460E+02 5.000E+01 4.000E+00 5.541E+34     
 1.800E+00 0.000E+00 4.889E+02 2.445E+02 5.000E+01 4.000E+00 5.541E+34     
 1.806E+00 0.000E+00 5.024E+02 2.512E+02 5.000E+01 4.000E+00 5.541E+34     
 1.840E+00 0.000E+00 5.186E+02 2.593E+02 5.000E+01 4.000E+00 5.541E+34     
 1.873E+00 0.000E+00 5.196E+02 2.598E+02 5.000E+01 4.000E+00 5.541E+34     
 1.906E+00 0.000E+00 5.394E+02 2.697E+02 5.000E+01 4.000E+00 5.541E+34     
 1.940E+00 0.000E+00 5.393E+02 2.696E+02 5.000E+01 4.000E+00 5.541E+34     
 1.975E+00 0.000E+00 5.406E+02 2.703E+02 5.000E+01 4.000E+00 5.541E+34     
 2.000E+00 0.000E+00 5.379E+02 2.689E+02 5.000E+01 4.000E+00 5.541E+34     
 2.200E+00 0.000E+00 5.496E+02 2.748E+02 5.000E+01 4.000E+00 5.541E+34     
 2.451E+00 0.000E+00 5.462E+02 2.731E+02 5.000E+01 4.000E+00 5.541E+34     
 2.769E+00 0.000E+00 5.399E+02 2.700E+02 5.000E+01 4.000E+00 5.541E+34     
 2.800E+00 0.000E+00 5.394E+02 2.697E+02 5.000E+01 4.000E+00 5.541E+34     
 3.000E+00 0.000E+00 5.262E+02 2.631E+02 5.000E+01 4.000E+00 5.541E+34     
 3.625E+00 0.000E+00 5.501E+02 2.750E+02 5.000E+01 4.000E+00 5.541E+34     
 4.056E+00 0.000E+00 5.581E+02 2.791E+02 5.000E+01 4.000E+00 5.541E+34     
 4.500E+00 0.000E+00 5.627E+02 2.813E+02 5.000E+01 4.000E+00 5.541E+34     
 4.700E+00 0.000E+00 5.606E+02 2.803E+02 5.000E+01 4.000E+00 5.541E+34     
 5.000E+00 0.000E+00 5.490E+02 2.745E+02 5.000E+01 4.000E+00 5.541E+34     

# Channel          : fission.tot    
# Frms limit       : 1.000E+30
# Chi2 limit       : 1.000E+30
# Fracmax          : 2.000E-02
# xs (mb) limit    : 1.000E-01

# Data set         :   1   fission.tot    
# Author           : endfb8.1            
# Year             :    0
# EXFOR subentry   :          
# Weight           :      1.00000
# Quality          :   
# energy     TALYS      exp       dexp  rel. unc. %   Chi2      C/E   include
 1.000E+00 0.000E+00 1.460E+01 7.298E+00 5.000E+01 4.000E+00 5.541E+34     
 1.005E+00 0.000E+00 1.754E+01 8.771E+00 5.000E+01 4.000E+00 5.541E+34     
 1.008E+00 0.000E+00 1.742E+01 8.711E+00 5.000E+01 4.000E+00 5.541E+34     
 1.020E+00 0.000E+00 1.632E+01 8.160E+00 5.000E+01 4.000E+00 5.541E+34     
 1.035E+00 0.000E+00 1.755E+01 8.773E+00 5.000E+01 4.000E+00 5.541E+34     
 1.049E+00 0.000E+00 2.086E+01 1.043E+01 5.000E+01 4.000E+00 5.541E+34     
 1.064E+00 0.000E+00 2.303E+01 1.151E+01 5.000E+01 4.000E+00 5.541E+34     
 1.080E+00 0.000E+00 2.678E+01 1.339E+01 5.000E+01 4.000E+00 5.541E+34     
 1.091E+00 0.000E+00 2.941E+01 1.471E+01 5.000E+01 4.000E+00 5.541E+34     
 1.100E+00 0.000E+00 3.103E+01 1.551E+01 5.000E+01 4.000E+00 5.541E+34     
 1.121E+00 0.000E+00 3.579E+01 1.790E+01 5.000E+01 4.000E+00 5.541E+34     
 1.138E+00 0.000E+00 3.605E+01 1.802E+01 5.000E+01 4.000E+00 5.541E+34     
 1.154E+00 0.000E+00 4.180E+01 2.090E+01 5.000E+01 4.000E+00 5.541E+34     
 1.169E+00 0.000E+00 4.381E+01 2.190E+01 5.000E+01 4.000E+00 5.541E+34     
 1.200E+00 0.000E+00 4.285E+01 2.142E+01 5.000E+01 4.000E+00 5.541E+34     
 1.220E+00 0.000E+00 4.103E+01 2.052E+01 5.000E+01 4.000E+00 5.541E+34     
 1.238E+00 0.000E+00 4.249E+01 2.124E+01 5.000E+01 4.000E+00 5.541E+34     
 1.250E+00 0.000E+00 4.430E+01 2.215E+01 5.000E+01 4.000E+00 5.541E+34     
 1.272E+00 0.000E+00 5.822E+01 2.911E+01 5.000E+01 4.000E+00 5.541E+34     
 1.291E+00 0.000E+00 6.851E+01 3.426E+01 5.000E+01 4.000E+00 5.541E+34     
 1.311E+00 0.000E+00 8.231E+01 4.115E+01 5.000E+01 4.000E+00 5.541E+34     
 1.331E+00 0.000E+00 9.906E+01 4.953E+01 5.000E+01 4.000E+00 5.541E+34     
 1.351E+00 0.000E+00 1.187E+02 5.936E+01 5.000E+01 4.000E+00 5.541E+34     
 1.371E+00 0.000E+00 1.497E+02 7.483E+01 5.000E+01 4.000E+00 5.541E+34     
 1.391E+00 0.000E+00 1.910E+02 9.548E+01 5.000E+01 4.000E+00 5.541E+34     
 1.400E+00 0.000E+00 1.941E+02 9.704E+01 5.000E+01 4.000E+00 5.541E+34     
 1.415E+00 0.000E+00 2.254E+02 1.127E+02 5.000E+01 4.000E+00 5.541E+34     
 1.439E+00 0.000E+00 2.770E+02 1.385E+02 5.000E+01 4.000E+00 5.541E+34     
 1.459E+00 0.000E+00 3.175E+02 1.587E+02 5.000E+01 4.000E+00 5.541E+34     
 1.481E+00 0.000E+00 3.466E+02 1.733E+02 5.000E+01 4.000E+00 5.541E+34     
 1.505E+00 0.000E+00 3.639E+02 1.820E+02 5.000E+01 4.000E+00 5.541E+34     
 1.530E+00 0.000E+00 3.795E+02 1.897E+02 5.000E+01 4.000E+00 5.541E+34     
 1.555E+00 0.000E+00 3.903E+02 1.951E+02 5.000E+01 4.000E+00 5.541E+34     
 1.580E+00 0.000E+00 4.092E+02 2.046E+02 5.000E+01 4.000E+00 5.541E+34     
 1.600E+00 0.000E+00 4.258E+02 2.129E+02 5.000E+01 4.000E+00 5.541E+34     
 1.605E+00 0.000E+00 4.247E+02 2.123E+02 5.000E+01 4.000E+00 5.541E+34     
 1.634E+00 0.000E+00 4.296E+02 2.148E+02 5.000E+01 4.000E+00 5.541E+34     
 1.660E+00 0.000E+00 4.362E+02 2.181E+02 5.000E+01 4.000E+00 5.541E+34     
 1.686E+00 0.000E+00 4.481E+02 2.240E+02 5.000E+01 4.000E+00 5.541E+34     
 1.716E+00 0.000E+00 4.688E+02 2.344E+02 5.000E+01 4.000E+00 5.541E+34     
 1.745E+00 0.000E+00 4.816E+02 2.408E+02 5.000E+01 4.000E+00 5.541E+34     
 1.776E+00 0.000E+00 4.920E+02 2.460E+02 5.000E+01 4.000E+00 5.541E+34     
 1.800E+00 0.000E+00 4.889E+02 2.445E+02 5.000E+01 4.000E+00 5.541E+34     
 1.806E+00 0.000E+00 5.024E+02 2.512E+02 5.000E+01 4.000E+00 5.541E+34     
 1.840E+00 0.000E+00 5.186E+02 2.593E+02 5.000E+01 4.000E+00 5.541E+34     
 1.873E+00 0.000E+00 5.196E+02 2.598E+02 5.000E+01 4.000E+00 5.541E+34     
 1.906E+00 0.000E+00 5.394E+02 2.697E+02 5.000E+01 4.000E+00 5.541E+34     
 1.940E+00 0.000E+00 5.393E+02 2.696E+02 5.000E+01 4.000E+00 5.541E+34     
 1.975E+00 0.000E+00 5.406E+02 2.703E+02 5.000E+01 4.000E+00 5.541E+34     
 2.000E+00 0.000E+00 5.379E+02 2.689E+02 5.000E+01 4.000E+00 5.541E+34     
 2.200E+00 0.000E+00 5.496E+02 2.748E+02 5.000E+01 4.000E+00 5.541E+34     
 2.451E+00 0.000E+00 5.462E+02 2.731E+02 5.000E+01 4.000E+00 5.541E+34     
 2.769E+00 0.000E+00 5.399E+02 2.700E+02 5.000E+01 4.000E+00 5.541E+34     
 2.800E+00 0.000E+00 5.394E+02 2.697E+02 5.000E+01 4.000E+00 5.541E+34     
 3.000E+00 0.000E+00 5.262E+02 2.631E+02 5.000E+01 4.000E+00 5.541E+34     
 3.625E+00 0.000E+00 5.501E+02 2.750E+02 5.000E+01 4.000E+00 5.541E+34     
 4.056E+00 0.000E+00 5.581E+02 2.791E+02 5.000E+01 4.000E+00 5.541E+34     
 4.500E+00 0.000E+00 5.627E+02 2.813E+02 5.000E+01 4.000E+00 5.541E+34     
 4.700E+00 0.000E+00 5.606E+02 2.803E+02 5.000E+01 4.000E+00 5.541E+34     
 5.000E+00 0.000E+00 5.490E+02 2.745E+02 5.000E+01 4.000E+00 5.541E+34     

# Channel          : fission.tot    
# Frms limit       : 1.000E+30
# Chi2 limit       : 1.000E+30
# Fracmax          : 2.000E-02
# xs (mb) limit    : 1.000E-01

# Data set         :   1   fission.tot    
# Author           : endfb8.1            
# Year             :    0
# EXFOR subentry   :          
# Weight           :      1.00000
# Quality          :   
# energy     TALYS      exp       dexp  rel. unc. %   Chi2      C/E   include
 1.000E+00 0.000E+00 1.460E+01 7.298E+00 5.000E+01 4.000E+00 5.541E+34     
 1.005E+00 0.000E+00 1.754E+01 8.771E+00 5.000E+01 4.000E+00 5.541E+34     
 1.008E+00 0.000E+00 1.742E+01 8.711E+00 5.000E+01 4.000E+00 5.541E+34     
 1.020E+00 0.000E+00 1.632E+01 8.160E+00 5.000E+01 4.000E+00 5.541E+34     
 1.035E+00 0.000E+00 1.755E+01 8.773E+00 5.000E+01 4.000E+00 5.541E+34     
 1.049E+00 0.000E+00 2.086E+01 1.043E+01 5.000E+01 4.000E+00 5.541E+34     
 1.064E+00 0.000E+00 2.303E+01 1.151E+01 5.000E+01 4.000E+00 5.541E+34     
 1.080E+00 0.000E+00 2.678E+01 1.339E+01 5.000E+01 4.000E+00 5.541E+34     
 1.091E+00 0.000E+00 2.941E+01 1.471E+01 5.000E+01 4.000E+00 5.541E+34     
 1.100E+00 0.000E+00 3.103E+01 1.551E+01 5.000E+01 4.000E+00 5.541E+34     
 1.121E+00 0.000E+00 3.579E+01 1.790E+01 5.000E+01 4.000E+00 5.541E+34     
 1.138E+00 0.000E+00 3.605E+01 1.802E+01 5.000E+01 4.000E+00 5.541E+34     
 1.154E+00 0.000E+00 4.180E+01 2.090E+01 5.000E+01 4.000E+00 5.541E+34     
 1.169E+00 0.000E+00 4.381E+01 2.190E+01 5.000E+01 4.000E+00 5.541E+34     
 1.200E+00 0.000E+00 4.285E+01 2.142E+01 5.000E+01 4.000E+00 5.541E+34     
 1.220E+00 0.000E+00 4.103E+01 2.052E+01 5.000E+01 4.000E+00 5.541E+34     
 1.238E+00 0.000E+00 4.249E+01 2.124E+01 5.000E+01 4.000E+00 5.541E+34     
 1.250E+00 0.000E+00 4.430E+01 2.215E+01 5.000E+01 4.000E+00 5.541E+34     
 1.272E+00 0.000E+00 5.822E+01 2.911E+01 5.000E+01 4.000E+00 5.541E+34     
 1.291E+00 0.000E+00 6.851E+01 3.426E+01 5.000E+01 4.000E+00 5.541E+34     
 1.311E+00 0.000E+00 8.231E+01 4.115E+01 5.000E+01 4.000E+00 5.541E+34     
 1.331E+00 0.000E+00 9.906E+01 4.953E+01 5.000E+01 4.000E+00 5.541E+34     
 1.351E+00 0.000E+00 1.187E+02 5.936E+01 5.000E+01 4.000E+00 5.541E+34     
 1.371E+00 0.000E+00 1.497E+02 7.483E+01 5.000E+01 4.000E+00 5.541E+34     
 1.391E+00 0.000E+00 1.910E+02 9.548E+01 5.000E+01 4.000E+00 5.541E+34     
 1.400E+00 0.000E+00 1.941E+02 9.704E+01 5.000E+01 4.000E+00 5.541E+34     
 1.415E+00 0.000E+00 2.254E+02 1.127E+02 5.000E+01 4.000E+00 5.541E+34     
 1.439E+00 0.000E+00 2.770E+02 1.385E+02 5.000E+01 4.000E+00 5.541E+34     
 1.459E+00 0.000E+00 3.175E+02 1.587E+02 5.000E+01 4.000E+00 5.541E+34     
 1.481E+00 0.000E+00 3.466E+02 1.733E+02 5.000E+01 4.000E+00 5.541E+34     
 1.505E+00 0.000E+00 3.639E+02 1.820E+02 5.000E+01 4.000E+00 5.541E+34     
 1.530E+00 0.000E+00 3.795E+02 1.897E+02 5.000E+01 4.000E+00 5.541E+34     
 1.555E+00 0.000E+00 3.903E+02 1.951E+02 5.000E+01 4.000E+00 5.541E+34     
 1.580E+00 0.000E+00 4.092E+02 2.046E+02 5.000E+01 4.000E+00 5.541E+34     
 1.600E+00 0.000E+00 4.258E+02 2.129E+02 5.000E+01 4.000E+00 5.541E+34     
 1.605E+00 0.000E+00 4.247E+02 2.123E+02 5.000E+01 4.000E+00 5.541E+34     
 1.634E+00 0.000E+00 4.296E+02 2.148E+02 5.000E+01 4.000E+00 5.541E+34     
 1.660E+00 0.000E+00 4.362E+02 2.181E+02 5.000E+01 4.000E+00 5.541E+34     
 1.686E+00 0.000E+00 4.481E+02 2.240E+02 5.000E+01 4.000E+00 5.541E+34     
 1.716E+00 0.000E+00 4.688E+02 2.344E+02 5.000E+01 4.000E+00 5.541E+34     
 1.745E+00 0.000E+00 4.816E+02 2.408E+02 5.000E+01 4.000E+00 5.541E+34     
 1.776E+00 0.000E+00 4.920E+02 2.460E+02 5.000E+01 4.000E+00 5.541E+34     
 1.800E+00 0.000E+00 4.889E+02 2.445E+02 5.000E+01 4.000E+00 5.541E+34     
 1.806E+00 0.000E+00 5.024E+02 2.512E+02 5.000E+01 4.000E+00 5.541E+34     
 1.840E+00 0.000E+00 5.186E+02 2.593E+02 5.000E+01 4.000E+00 5.541E+34     
 1.873E+00 0.000E+00 5.196E+02 2.598E+02 5.000E+01 4.000E+00 5.541E+34     
 1.906E+00 0.000E+00 5.394E+02 2.697E+02 5.000E+01 4.000E+00 5.541E+34     
 1.940E+00 0.000E+00 5.393E+02 2.696E+02 5.000E+01 4.000E+00 5.541E+34     
 1.975E+00 0.000E+00 5.406E+02 2.703E+02 5.000E+01 4.000E+00 5.541E+34     
 2.000E+00 0.000E+00 5.379E+02 2.689E+02 5.000E+01 4.000E+00 5.541E+34     
 2.200E+00 0.000E+00 5.496E+02 2.748E+02 5.000E+01 4.000E+00 5.541E+34     
 2.451E+00 0.000E+00 5.462E+02 2.731E+02 5.000E+01 4.000E+00 5.541E+34     
 2.769E+00 0.000E+00 5.399E+02 2.700E+02 5.000E+01 4.000E+00 5.541E+34     
 2.800E+00 0.000E+00 5.394E+02 2.697E+02 5.000E+01 4.000E+00 5.541E+34     
 3.000E+00 0.000E+00 5.262E+02 2.631E+02 5.000E+01 4.000E+00 5.541E+34     
 3.625E+00 0.000E+00 5.501E+02 2.750E+02 5.000E+01 4.000E+00 5.541E+34     
 4.056E+00 0.000E+00 5.581E+02 2.791E+02 5.000E+01 4.000E+00 5.541E+34     
 4.500E+00 0.000E+00 5.627E+02 2.813E+02 5.000E+01 4.000E+00 5.541E+34     
 4.700E+00 0.000E+00 5.606E+02 2.803E+02 5.000E+01 4.000E+00 5.541E+34     
 5.000E+00 0.000E+00 5.490E+02 2.745E+02 5.000E+01 4.000E+00 5.541E+34     

# Channel          : fission.tot    
# Frms limit       : 1.000E+30
# Chi2 limit       : 1.000E+30
# Fracmax          : 2.000E-02
# xs (mb) limit    : 1.000E-01

# Data set         :   1   fission.tot    
# Author           : endfb8.1            
# Year             :    0
# EXFOR subentry   :          
# Weight           :      1.00000
# Quality          :   
# energy     TALYS      exp       dexp  rel. unc. %   Chi2      C/E   include
 1.000E+00 0.000E+00 1.460E+01 7.298E+00 5.000E+01 4.000E+00 5.541E+34     
 1.005E+00 0.000E+00 1.754E+01 8.771E+00 5.000E+01 4.000E+00 5.541E+34     
 1.008E+00 0.000E+00 1.742E+01 8.711E+00 5.000E+01 4.000E+00 5.541E+34     
 1.020E+00 0.000E+00 1.632E+01 8.160E+00 5.000E+01 4.000E+00 5.541E+34     
 1.035E+00 0.000E+00 1.755E+01 8.773E+00 5.000E+01 4.000E+00 5.541E+34     
 1.049E+00 0.000E+00 2.086E+01 1.043E+01 5.000E+01 4.000E+00 5.541E+34     
 1.064E+00 0.000E+00 2.303E+01 1.151E+01 5.000E+01 4.000E+00 5.541E+34     
 1.080E+00 0.000E+00 2.678E+01 1.339E+01 5.000E+01 4.000E+00 5.541E+34     
 1.091E+00 0.000E+00 2.941E+01 1.471E+01 5.000E+01 4.000E+00 5.541E+34     
 1.100E+00 0.000E+00 3.103E+01 1.551E+01 5.000E+01 4.000E+00 5.541E+34     
 1.121E+00 0.000E+00 3.579E+01 1.790E+01 5.000E+01 4.000E+00 5.541E+34     
 1.138E+00 0.000E+00 3.605E+01 1.802E+01 5.000E+01 4.000E+00 5.541E+34     
 1.154E+00 0.000E+00 4.180E+01 2.090E+01 5.000E+01 4.000E+00 5.541E+34     
 1.169E+00 0.000E+00 4.381E+01 2.190E+01 5.000E+01 4.000E+00 5.541E+34     
 1.200E+00 0.000E+00 4.285E+01 2.142E+01 5.000E+01 4.000E+00 5.541E+34     
 1.220E+00 0.000E+00 4.103E+01 2.052E+01 5.000E+01 4.000E+00 5.541E+34     
 1.238E+00 0.000E+00 4.249E+01 2.124E+01 5.000E+01 4.000E+00 5.541E+34     
 1.250E+00 0.000E+00 4.430E+01 2.215E+01 5.000E+01 4.000E+00 5.541E+34     
 1.272E+00 0.000E+00 5.822E+01 2.911E+01 5.000E+01 4.000E+00 5.541E+34     
 1.291E+00 0.000E+00 6.851E+01 3.426E+01 5.000E+01 4.000E+00 5.541E+34     
 1.311E+00 0.000E+00 8.231E+01 4.115E+01 5.000E+01 4.000E+00 5.541E+34     
 1.331E+00 0.000E+00 9.906E+01 4.953E+01 5.000E+01 4.000E+00 5.541E+34     
 1.351E+00 0.000E+00 1.187E+02 5.936E+01 5.000E+01 4.000E+00 5.541E+34     
 1.371E+00 0.000E+00 1.497E+02 7.483E+01 5.000E+01 4.000E+00 5.541E+34     
 1.391E+00 0.000E+00 1.910E+02 9.548E+01 5.000E+01 4.000E+00 5.541E+34     
 1.400E+00 0.000E+00 1.941E+02 9.704E+01 5.000E+01 4.000E+00 5.541E+34     
 1.415E+00 0.000E+00 2.254E+02 1.127E+02 5.000E+01 4.000E+00 5.541E+34     
 1.439E+00 0.000E+00 2.770E+02 1.385E+02 5.000E+01 4.000E+00 5.541E+34     
 1.459E+00 0.000E+00 3.175E+02 1.587E+02 5.000E+01 4.000E+00 5.541E+34     
 1.481E+00 0.000E+00 3.466E+02 1.733E+02 5.000E+01 4.000E+00 5.541E+34     
 1.505E+00 0.000E+00 3.639E+02 1.820E+02 5.000E+01 4.000E+00 5.541E+34     
 1.530E+00 0.000E+00 3.795E+02 1.897E+02 5.000E+01 4.000E+00 5.541E+34     
 1.555E+00 0.000E+00 3.903E+02 1.951E+02 5.000E+01 4.000E+00 5.541E+34     
 1.580E+00 0.000E+00 4.092E+02 2.046E+02 5.000E+01 4.000E+00 5.541E+34     
 1.600E+00 0.000E+00 4.258E+02 2.129E+02 5.000E+01 4.000E+00 5.541E+34     
 1.605E+00 0.000E+00 4.247E+02 2.123E+02 5.000E+01 4.000E+00 5.541E+34     
 1.634E+00 0.000E+00 4.296E+02 2.148E+02 5.000E+01 4.000E+00 5.541E+34     
 1.660E+00 0.000E+00 4.362E+02 2.181E+02 5.000E+01 4.000E+00 5.541E+34     
 1.686E+00 0.000E+00 4.481E+02 2.240E+02 5.000E+01 4.000E+00 5.541E+34     
 1.716E+00 0.000E+00 4.688E+02 2.344E+02 5.000E+01 4.000E+00 5.541E+34     
 1.745E+00 0.000E+00 4.816E+02 2.408E+02 5.000E+01 4.000E+00 5.541E+34     
 1.776E+00 0.000E+00 4.920E+02 2.460E+02 5.000E+01 4.000E+00 5.541E+34     
 1.800E+00 0.000E+00 4.889E+02 2.445E+02 5.000E+01 4.000E+00 5.541E+34     
 1.806E+00 0.000E+00 5.024E+02 2.512E+02 5.000E+01 4.000E+00 5.541E+34     
 1.840E+00 0.000E+00 5.186E+02 2.593E+02 5.000E+01 4.000E+00 5.541E+34     
 1.873E+00 0.000E+00 5.196E+02 2.598E+02 5.000E+01 4.000E+00 5.541E+34     
 1.906E+00 0.000E+00 5.394E+02 2.697E+02 5.000E+01 4.000E+00 5.541E+34     
 1.940E+00 0.000E+00 5.393E+02 2.696E+02 5.000E+01 4.000E+00 5.541E+34     
 1.975E+00 0.000E+00 5.406E+02 2.703E+02 5.000E+01 4.000E+00 5.541E+34     
 2.000E+00 0.000E+00 5.379E+02 2.689E+02 5.000E+01 4.000E+00 5.541E+34     
 2.200E+00 0.000E+00 5.496E+02 2.748E+02 5.000E+01 4.000E+00 5.541E+34     
 2.451E+00 0.000E+00 5.462E+02 2.731E+02 5.000E+01 4.000E+00 5.541E+34     
 2.769E+00 0.000E+00 5.399E+02 2.700E+02 5.000E+01 4.000E+00 5.541E+34     
 2.800E+00 0.000E+00 5.394E+02 2.697E+02 5.000E+01 4.000E+00 5.541E+34     
 3.000E+00 0.000E+00 5.262E+02 2.631E+02 5.000E+01 4.000E+00 5.541E+34     
 3.625E+00 0.000E+00 5.501E+02 2.750E+02 5.000E+01 4.000E+00 5.541E+34     
 4.056E+00 0.000E+00 5.581E+02 2.791E+02 5.000E+01 4.000E+00 5.541E+34     
 4.500E+00 0.000E+00 5.627E+02 2.813E+02 5.000E+01 4.000E+00 5.541E+34     
 4.700E+00 0.000E+00 5.606E+02 2.803E+02 5.000E+01 4.000E+00 5.541E+34     
 5.000E+00 0.000E+00 5.490E+02 2.745E+02 5.000E+01 4.000E+00 5.541E+34     

# Channel          : fission.tot    
# Frms limit       : 1.000E+30
# Chi2 limit       : 1.000E+30
# Fracmax          : 2.000E-02
# xs (mb) limit    : 1.000E-01

# Data set         :   1   fission.tot    
# Author           : endfb8.1            
# Year             :    0
# EXFOR subentry   :          
# Weight           :      1.00000
# Quality          :   
# energy     TALYS      exp       dexp  rel. unc. %   Chi2      C/E   include
 1.000E+00 0.000E+00 1.460E+01 7.298E+00 5.000E+01 4.000E+00 5.541E+34     
 1.005E+00 0.000E+00 1.754E+01 8.771E+00 5.000E+01 4.000E+00 5.541E+34     
 1.008E+00 0.000E+00 1.742E+01 8.711E+00 5.000E+01 4.000E+00 5.541E+34     
 1.020E+00 0.000E+00 1.632E+01 8.160E+00 5.000E+01 4.000E+00 5.541E+34     
 1.035E+00 0.000E+00 1.755E+01 8.773E+00 5.000E+01 4.000E+00 5.541E+34     
 1.049E+00 0.000E+00 2.086E+01 1.043E+01 5.000E+01 4.000E+00 5.541E+34     
 1.064E+00 0.000E+00 2.303E+01 1.151E+01 5.000E+01 4.000E+00 5.541E+34     
 1.080E+00 0.000E+00 2.678E+01 1.339E+01 5.000E+01 4.000E+00 5.541E+34     
 1.091E+00 0.000E+00 2.941E+01 1.471E+01 5.000E+01 4.000E+00 5.541E+34     
 1.100E+00 0.000E+00 3.103E+01 1.551E+01 5.000E+01 4.000E+00 5.541E+34     
 1.121E+00 0.000E+00 3.579E+01 1.790E+01 5.000E+01 4.000E+00 5.541E+34     
 1.138E+00 0.000E+00 3.605E+01 1.802E+01 5.000E+01 4.000E+00 5.541E+34     
 1.154E+00 0.000E+00 4.180E+01 2.090E+01 5.000E+01 4.000E+00 5.541E+34     
 1.169E+00 0.000E+00 4.381E+01 2.190E+01 5.000E+01 4.000E+00 5.541E+34     
 1.200E+00 0.000E+00 4.285E+01 2.142E+01 5.000E+01 4.000E+00 5.541E+34     
 1.220E+00 0.000E+00 4.103E+01 2.052E+01 5.000E+01 4.000E+00 5.541E+34     
 1.238E+00 0.000E+00 4.249E+01 2.124E+01 5.000E+01 4.000E+00 5.541E+34     
 1.250E+00 0.000E+00 4.430E+01 2.215E+01 5.000E+01 4.000E+00 5.541E+34     
 1.272E+00 0.000E+00 5.822E+01 2.911E+01 5.000E+01 4.000E+00 5.541E+34     
 1.291E+00 0.000E+00 6.851E+01 3.426E+01 5.000E+01 4.000E+00 5.541E+34     
 1.311E+00 0.000E+00 8.231E+01 4.115E+01 5.000E+01 4.000E+00 5.541E+34     
 1.331E+00 0.000E+00 9.906E+01 4.953E+01 5.000E+01 4.000E+00 5.541E+34     
 1.351E+00 0.000E+00 1.187E+02 5.936E+01 5.000E+01 4.000E+00 5.541E+34     
 1.371E+00 0.000E+00 1.497E+02 7.483E+01 5.000E+01 4.000E+00 5.541E+34     
 1.391E+00 0.000E+00 1.910E+02 9.548E+01 5.000E+01 4.000E+00 5.541E+34     
 1.400E+00 0.000E+00 1.941E+02 9.704E+01 5.000E+01 4.000E+00 5.541E+34     
 1.415E+00 0.000E+00 2.254E+02 1.127E+02 5.000E+01 4.000E+00 5.541E+34     
 1.439E+00 0.000E+00 2.770E+02 1.385E+02 5.000E+01 4.000E+00 5.541E+34     
 1.459E+00 0.000E+00 3.175E+02 1.587E+02 5.000E+01 4.000E+00 5.541E+34     
 1.481E+00 0.000E+00 3.466E+02 1.733E+02 5.000E+01 4.000E+00 5.541E+34     
 1.505E+00 0.000E+00 3.639E+02 1.820E+02 5.000E+01 4.000E+00 5.541E+34     
 1.530E+00 0.000E+00 3.795E+02 1.897E+02 5.000E+01 4.000E+00 5.541E+34     
 1.555E+00 0.000E+00 3.903E+02 1.951E+02 5.000E+01 4.000E+00 5.541E+34     
 1.580E+00 0.000E+00 4.092E+02 2.046E+02 5.000E+01 4.000E+00 5.541E+34     
 1.600E+00 0.000E+00 4.258E+02 2.129E+02 5.000E+01 4.000E+00 5.541E+34     
 1.605E+00 0.000E+00 4.247E+02 2.123E+02 5.000E+01 4.000E+00 5.541E+34     
 1.634E+00 0.000E+00 4.296E+02 2.148E+02 5.000E+01 4.000E+00 5.541E+34     
 1.660E+00 0.000E+00 4.362E+02 2.181E+02 5.000E+01 4.000E+00 5.541E+34     
 1.686E+00 0.000E+00 4.481E+02 2.240E+02 5.000E+01 4.000E+00 5.541E+34     
 1.716E+00 0.000E+00 4.688E+02 2.344E+02 5.000E+01 4.000E+00 5.541E+34     
 1.745E+00 0.000E+00 4.816E+02 2.408E+02 5.000E+01 4.000E+00 5.541E+34     
 1.776E+00 0.000E+00 4.920E+02 2.460E+02 5.000E+01 4.000E+00 5.541E+34     
 1.800E+00 0.000E+00 4.889E+02 2.445E+02 5.000E+01 4.000E+00 5.541E+34     
 1.806E+00 0.000E+00 5.024E+02 2.512E+02 5.000E+01 4.000E+00 5.541E+34     
 1.840E+00 0.000E+00 5.186E+02 2.593E+02 5.000E+01 4.000E+00 5.541E+34     
 1.873E+00 0.000E+00 5.196E+02 2.598E+02 5.000E+01 4.000E+00 5.541E+34     
 1.906E+00 0.000E+00 5.394E+02 2.697E+02 5.000E+01 4.000E+00 5.541E+34     
 1.940E+00 0.000E+00 5.393E+02 2.696E+02 5.000E+01 4.000E+00 5.541E+34     
 1.975E+00 0.000E+00 5.406E+02 2.703E+02 5.000E+01 4.000E+00 5.541E+34     
 2.000E+00 0.000E+00 5.379E+02 2.689E+02 5.000E+01 4.000E+00 5.541E+34     
 2.200E+00 0.000E+00 5.496E+02 2.748E+02 5.000E+01 4.000E+00 5.541E+34     
 2.451E+00 0.000E+00 5.462E+02 2.731E+02 5.000E+01 4.000E+00 5.541E+34     
 2.769E+00 0.000E+00 5.399E+02 2.700E+02 5.000E+01 4.000E+00 5.541E+34     
 2.800E+00 0.000E+00 5.394E+02 2.697E+02 5.000E+01 4.000E+00 5.541E+34     
 3.000E+00 0.000E+00 5.262E+02 2.631E+02 5.000E+01 4.000E+00 5.541E+34     
 3.625E+00 0.000E+00 5.501E+02 2.750E+02 5.000E+01 4.000E+00 5.541E+34     
 4.056E+00 0.000E+00 5.581E+02 2.791E+02 5.000E+01 4.000E+00 5.541E+34     
 4.500E+00 0.000E+00 5.627E+02 2.813E+02 5.000E+01 4.000E+00 5.541E+34     
 4.700E+00 0.000E+00 5.606E+02 2.803E+02 5.000E+01 4.000E+00 5.541E+34     
 5.000E+00 0.000E+00 5.490E+02 2.745E+02 5.000E+01 4.000E+00 5.541E+34     

# Channel          : fission.tot    
# Frms limit       : 1.000E+30
# Chi2 limit       : 1.000E+30
# Fracmax          : 2.000E-02
# xs (mb) limit    : 1.000E-01

# Data set         :   1   fission.tot    
# Author           : endfb8.1            
# Year             :    0
# EXFOR subentry   :          
# Weight           :      1.00000
# Quality          :   
# energy     TALYS      exp       dexp  rel. unc. %   Chi2      C/E   include
 1.000E+00 0.000E+00 1.460E+01 7.298E+00 5.000E+01 4.000E+00 5.541E+34     
 1.005E+00 0.000E+00 1.754E+01 8.771E+00 5.000E+01 4.000E+00 5.541E+34     
 1.008E+00 0.000E+00 1.742E+01 8.711E+00 5.000E+01 4.000E+00 5.541E+34     
 1.020E+00 0.000E+00 1.632E+01 8.160E+00 5.000E+01 4.000E+00 5.541E+34     
 1.035E+00 0.000E+00 1.755E+01 8.773E+00 5.000E+01 4.000E+00 5.541E+34     
 1.049E+00 0.000E+00 2.086E+01 1.043E+01 5.000E+01 4.000E+00 5.541E+34     
 1.064E+00 0.000E+00 2.303E+01 1.151E+01 5.000E+01 4.000E+00 5.541E+34     
 1.080E+00 0.000E+00 2.678E+01 1.339E+01 5.000E+01 4.000E+00 5.541E+34     
 1.091E+00 0.000E+00 2.941E+01 1.471E+01 5.000E+01 4.000E+00 5.541E+34     
 1.100E+00 0.000E+00 3.103E+01 1.551E+01 5.000E+01 4.000E+00 5.541E+34     
 1.121E+00 0.000E+00 3.579E+01 1.790E+01 5.000E+01 4.000E+00 5.541E+34     
 1.138E+00 0.000E+00 3.605E+01 1.802E+01 5.000E+01 4.000E+00 5.541E+34     
 1.154E+00 0.000E+00 4.180E+01 2.090E+01 5.000E+01 4.000E+00 5.541E+34     
 1.169E+00 0.000E+00 4.381E+01 2.190E+01 5.000E+01 4.000E+00 5.541E+34     
 1.200E+00 0.000E+00 4.285E+01 2.142E+01 5.000E+01 4.000E+00 5.541E+34     
 1.220E+00 0.000E+00 4.103E+01 2.052E+01 5.000E+01 4.000E+00 5.541E+34     
 1.238E+00 0.000E+00 4.249E+01 2.124E+01 5.000E+01 4.000E+00 5.541E+34     
 1.250E+00 0.000E+00 4.430E+01 2.215E+01 5.000E+01 4.000E+00 5.541E+34     
 1.272E+00 0.000E+00 5.822E+01 2.911E+01 5.000E+01 4.000E+00 5.541E+34     
 1.291E+00 0.000E+00 6.851E+01 3.426E+01 5.000E+01 4.000E+00 5.541E+34     
 1.311E+00 0.000E+00 8.231E+01 4.115E+01 5.000E+01 4.000E+00 5.541E+34     
 1.331E+00 0.000E+00 9.906E+01 4.953E+01 5.000E+01 4.000E+00 5.541E+34     
 1.351E+00 0.000E+00 1.187E+02 5.936E+01 5.000E+01 4.000E+00 5.541E+34     
 1.371E+00 0.000E+00 1.497E+02 7.483E+01 5.000E+01 4.000E+00 5.541E+34     
 1.391E+00 0.000E+00 1.910E+02 9.548E+01 5.000E+01 4.000E+00 5.541E+34     
 1.400E+00 0.000E+00 1.941E+02 9.704E+01 5.000E+01 4.000E+00 5.541E+34     
 1.415E+00 0.000E+00 2.254E+02 1.127E+02 5.000E+01 4.000E+00 5.541E+34     
 1.439E+00 0.000E+00 2.770E+02 1.385E+02 5.000E+01 4.000E+00 5.541E+34     
 1.459E+00 0.000E+00 3.175E+02 1.587E+02 5.000E+01 4.000E+00 5.541E+34     
 1.481E+00 0.000E+00 3.466E+02 1.733E+02 5.000E+01 4.000E+00 5.541E+34     
 1.505E+00 0.000E+00 3.639E+02 1.820E+02 5.000E+01 4.000E+00 5.541E+34     
 1.530E+00 0.000E+00 3.795E+02 1.897E+02 5.000E+01 4.000E+00 5.541E+34     
 1.555E+00 0.000E+00 3.903E+02 1.951E+02 5.000E+01 4.000E+00 5.541E+34     
 1.580E+00 0.000E+00 4.092E+02 2.046E+02 5.000E+01 4.000E+00 5.541E+34     
 1.600E+00 0.000E+00 4.258E+02 2.129E+02 5.000E+01 4.000E+00 5.541E+34     
 1.605E+00 0.000E+00 4.247E+02 2.123E+02 5.000E+01 4.000E+00 5.541E+34     
 1.634E+00 0.000E+00 4.296E+02 2.148E+02 5.000E+01 4.000E+00 5.541E+34     
 1.660E+00 0.000E+00 4.362E+02 2.181E+02 5.000E+01 4.000E+00 5.541E+34     
 1.686E+00 0.000E+00 4.481E+02 2.240E+02 5.000E+01 4.000E+00 5.541E+34     
 1.716E+00 0.000E+00 4.688E+02 2.344E+02 5.000E+01 4.000E+00 5.541E+34     
 1.745E+00 0.000E+00 4.816E+02 2.408E+02 5.000E+01 4.000E+00 5.541E+34     
 1.776E+00 0.000E+00 4.920E+02 2.460E+02 5.000E+01 4.000E+00 5.541E+34     
 1.800E+00 0.000E+00 4.889E+02 2.445E+02 5.000E+01 4.000E+00 5.541E+34     
 1.806E+00 0.000E+00 5.024E+02 2.512E+02 5.000E+01 4.000E+00 5.541E+34     
 1.840E+00 0.000E+00 5.186E+02 2.593E+02 5.000E+01 4.000E+00 5.541E+34     
 1.873E+00 0.000E+00 5.196E+02 2.598E+02 5.000E+01 4.000E+00 5.541E+34     
 1.906E+00 0.000E+00 5.394E+02 2.697E+02 5.000E+01 4.000E+00 5.541E+34     
 1.940E+00 0.000E+00 5.393E+02 2.696E+02 5.000E+01 4.000E+00 5.541E+34     
 1.975E+00 0.000E+00 5.406E+02 2.703E+02 5.000E+01 4.000E+00 5.541E+34     
 2.000E+00 0.000E+00 5.379E+02 2.689E+02 5.000E+01 4.000E+00 5.541E+34     
 2.200E+00 0.000E+00 5.496E+02 2.748E+02 5.000E+01 4.000E+00 5.541E+34     
 2.451E+00 0.000E+00 5.462E+02 2.731E+02 5.000E+01 4.000E+00 5.541E+34     
 2.769E+00 0.000E+00 5.399E+02 2.700E+02 5.000E+01 4.000E+00 5.541E+34     
 2.800E+00 0.000E+00 5.394E+02 2.697E+02 5.000E+01 4.000E+00 5.541E+34     
 3.000E+00 0.000E+00 5.262E+02 2.631E+02 5.000E+01 4.000E+00 5.541E+34     
 3.625E+00 0.000E+00 5.501E+02 2.750E+02 5.000E+01 4.000E+00 5.541E+34     
 4.056E+00 0.000E+00 5.581E+02 2.791E+02 5.000E+01 4.000E+00 5.541E+34     
 4.500E+00 0.000E+00 5.627E+02 2.813E+02 5.000E+01 4.000E+00 5.541E+34     
 4.700E+00 0.000E+00 5.606E+02 2.803E+02 5.000E+01 4.000E+00 5.541E+34     
 5.000E+00 0.000E+00 5.490E+02 2.745E+02 5.000E+01 4.000E+00 5.541E+34     

# Channel          : fission.tot    
# Frms limit       : 1.000E+30
# Chi2 limit       : 1.000E+30
# Fracmax          : 2.000E-02
# xs (mb) limit    : 1.000E-01

# Data set         :   1   fission.tot    
# Author           : endfb8.1            
# Year             :    0
# EXFOR subentry   :          
# Weight           :      1.00000
# Quality          :   
# energy     TALYS      exp       dexp  rel. unc. %   Chi2      C/E   include
 1.000E+00 0.000E+00 1.460E+01 7.298E+00 5.000E+01 4.000E+00 5.541E+34     
 1.005E+00 0.000E+00 1.754E+01 8.771E+00 5.000E+01 4.000E+00 5.541E+34     
 1.008E+00 0.000E+00 1.742E+01 8.711E+00 5.000E+01 4.000E+00 5.541E+34     
 1.020E+00 0.000E+00 1.632E+01 8.160E+00 5.000E+01 4.000E+00 5.541E+34     
 1.035E+00 0.000E+00 1.755E+01 8.773E+00 5.000E+01 4.000E+00 5.541E+34     
 1.049E+00 0.000E+00 2.086E+01 1.043E+01 5.000E+01 4.000E+00 5.541E+34     
 1.064E+00 0.000E+00 2.303E+01 1.151E+01 5.000E+01 4.000E+00 5.541E+34     
 1.080E+00 0.000E+00 2.678E+01 1.339E+01 5.000E+01 4.000E+00 5.541E+34     
 1.091E+00 0.000E+00 2.941E+01 1.471E+01 5.000E+01 4.000E+00 5.541E+34     
 1.100E+00 0.000E+00 3.103E+01 1.551E+01 5.000E+01 4.000E+00 5.541E+34     
 1.121E+00 0.000E+00 3.579E+01 1.790E+01 5.000E+01 4.000E+00 5.541E+34     
 1.138E+00 0.000E+00 3.605E+01 1.802E+01 5.000E+01 4.000E+00 5.541E+34     
 1.154E+00 0.000E+00 4.180E+01 2.090E+01 5.000E+01 4.000E+00 5.541E+34     
 1.169E+00 0.000E+00 4.381E+01 2.190E+01 5.000E+01 4.000E+00 5.541E+34     
 1.200E+00 0.000E+00 4.285E+01 2.142E+01 5.000E+01 4.000E+00 5.541E+34     
 1.220E+00 0.000E+00 4.103E+01 2.052E+01 5.000E+01 4.000E+00 5.541E+34     
 1.238E+00 0.000E+00 4.249E+01 2.124E+01 5.000E+01 4.000E+00 5.541E+34     
 1.250E+00 0.000E+00 4.430E+01 2.215E+01 5.000E+01 4.000E+00 5.541E+34     
 1.272E+00 0.000E+00 5.822E+01 2.911E+01 5.000E+01 4.000E+00 5.541E+34     
 1.291E+00 0.000E+00 6.851E+01 3.426E+01 5.000E+01 4.000E+00 5.541E+34     
 1.311E+00 0.000E+00 8.231E+01 4.115E+01 5.000E+01 4.000E+00 5.541E+34     
 1.331E+00 0.000E+00 9.906E+01 4.953E+01 5.000E+01 4.000E+00 5.541E+34     
 1.351E+00 0.000E+00 1.187E+02 5.936E+01 5.000E+01 4.000E+00 5.541E+34     
 1.371E+00 0.000E+00 1.497E+02 7.483E+01 5.000E+01 4.000E+00 5.541E+34     
 1.391E+00 0.000E+00 1.910E+02 9.548E+01 5.000E+01 4.000E+00 5.541E+34     
 1.400E+00 0.000E+00 1.941E+02 9.704E+01 5.000E+01 4.000E+00 5.541E+34     
 1.415E+00 0.000E+00 2.254E+02 1.127E+02 5.000E+01 4.000E+00 5.541E+34     
 1.439E+00 0.000E+00 2.770E+02 1.385E+02 5.000E+01 4.000E+00 5.541E+34     
 1.459E+00 0.000E+00 3.175E+02 1.587E+02 5.000E+01 4.000E+00 5.541E+34     
 1.481E+00 0.000E+00 3.466E+02 1.733E+02 5.000E+01 4.000E+00 5.541E+34     
 1.505E+00 0.000E+00 3.639E+02 1.820E+02 5.000E+01 4.000E+00 5.541E+34     
 1.530E+00 0.000E+00 3.795E+02 1.897E+02 5.000E+01 4.000E+00 5.541E+34     
 1.555E+00 0.000E+00 3.903E+02 1.951E+02 5.000E+01 4.000E+00 5.541E+34     
 1.580E+00 0.000E+00 4.092E+02 2.046E+02 5.000E+01 4.000E+00 5.541E+34     
 1.600E+00 0.000E+00 4.258E+02 2.129E+02 5.000E+01 4.000E+00 5.541E+34     
 1.605E+00 0.000E+00 4.247E+02 2.123E+02 5.000E+01 4.000E+00 5.541E+34     
 1.634E+00 0.000E+00 4.296E+02 2.148E+02 5.000E+01 4.000E+00 5.541E+34     
 1.660E+00 0.000E+00 4.362E+02 2.181E+02 5.000E+01 4.000E+00 5.541E+34     
 1.686E+00 0.000E+00 4.481E+02 2.240E+02 5.000E+01 4.000E+00 5.541E+34     
 1.716E+00 0.000E+00 4.688E+02 2.344E+02 5.000E+01 4.000E+00 5.541E+34     
 1.745E+00 0.000E+00 4.816E+02 2.408E+02 5.000E+01 4.000E+00 5.541E+34     
 1.776E+00 0.000E+00 4.920E+02 2.460E+02 5.000E+01 4.000E+00 5.541E+34     
 1.800E+00 0.000E+00 4.889E+02 2.445E+02 5.000E+01 4.000E+00 5.541E+34     
 1.806E+00 0.000E+00 5.024E+02 2.512E+02 5.000E+01 4.000E+00 5.541E+34     
 1.840E+00 0.000E+00 5.186E+02 2.593E+02 5.000E+01 4.000E+00 5.541E+34     
 1.873E+00 0.000E+00 5.196E+02 2.598E+02 5.000E+01 4.000E+00 5.541E+34     
 1.906E+00 0.000E+00 5.394E+02 2.697E+02 5.000E+01 4.000E+00 5.541E+34     
 1.940E+00 0.000E+00 5.393E+02 2.696E+02 5.000E+01 4.000E+00 5.541E+34     
 1.975E+00 0.000E+00 5.406E+02 2.703E+02 5.000E+01 4.000E+00 5.541E+34     
 2.000E+00 0.000E+00 5.379E+02 2.689E+02 5.000E+01 4.000E+00 5.541E+34     
 2.200E+00 0.000E+00 5.496E+02 2.748E+02 5.000E+01 4.000E+00 5.541E+34     
 2.451E+00 0.000E+00 5.462E+02 2.731E+02 5.000E+01 4.000E+00 5.541E+34     
 2.769E+00 0.000E+00 5.399E+02 2.700E+02 5.000E+01 4.000E+00 5.541E+34     
 2.800E+00 0.000E+00 5.394E+02 2.697E+02 5.000E+01 4.000E+00 5.541E+34     
 3.000E+00 0.000E+00 5.262E+02 2.631E+02 5.000E+01 4.000E+00 5.541E+34     
 3.625E+00 0.000E+00 5.501E+02 2.750E+02 5.000E+01 4.000E+00 5.541E+34     
 4.056E+00 0.000E+00 5.581E+02 2.791E+02 5.000E+01 4.000E+00 5.541E+34     
 4.500E+00 0.000E+00 5.627E+02 2.813E+02 5.000E+01 4.000E+00 5.541E+34     
 4.700E+00 0.000E+00 5.606E+02 2.803E+02 5.000E+01 4.000E+00 5.541E+34     
 5.000E+00 0.000E+00 5.490E+02 2.745E+02 5.000E+01 4.000E+00 5.541E+34     

# Channel          : fission.tot    
# Frms limit       : 1.000E+30
# Chi2 limit       : 1.000E+30
# Fracmax          : 2.000E-02
# xs (mb) limit    : 1.000E-01

# Data set         :   1   fission.tot    
# Author           : endfb8.1            
# Year             :    0
# EXFOR subentry   :          
# Weight           :      1.00000
# Quality          :   
# energy     TALYS      exp       dexp  rel. unc. %   Chi2      C/E   include
 1.000E+00 0.000E+00 1.460E+01 7.298E+00 5.000E+01 4.000E+00 5.541E+34     
 1.005E+00 0.000E+00 1.754E+01 8.771E+00 5.000E+01 4.000E+00 5.541E+34     
 1.008E+00 0.000E+00 1.742E+01 8.711E+00 5.000E+01 4.000E+00 5.541E+34     
 1.020E+00 0.000E+00 1.632E+01 8.160E+00 5.000E+01 4.000E+00 5.541E+34     
 1.035E+00 0.000E+00 1.755E+01 8.773E+00 5.000E+01 4.000E+00 5.541E+34     
 1.049E+00 0.000E+00 2.086E+01 1.043E+01 5.000E+01 4.000E+00 5.541E+34     
 1.064E+00 0.000E+00 2.303E+01 1.151E+01 5.000E+01 4.000E+00 5.541E+34     
 1.080E+00 0.000E+00 2.678E+01 1.339E+01 5.000E+01 4.000E+00 5.541E+34     
 1.091E+00 0.000E+00 2.941E+01 1.471E+01 5.000E+01 4.000E+00 5.541E+34     
 1.100E+00 0.000E+00 3.103E+01 1.551E+01 5.000E+01 4.000E+00 5.541E+34     
 1.121E+00 0.000E+00 3.579E+01 1.790E+01 5.000E+01 4.000E+00 5.541E+34     
 1.138E+00 0.000E+00 3.605E+01 1.802E+01 5.000E+01 4.000E+00 5.541E+34     
 1.154E+00 0.000E+00 4.180E+01 2.090E+01 5.000E+01 4.000E+00 5.541E+34     
 1.169E+00 0.000E+00 4.381E+01 2.190E+01 5.000E+01 4.000E+00 5.541E+34     
 1.200E+00 0.000E+00 4.285E+01 2.142E+01 5.000E+01 4.000E+00 5.541E+34     
 1.220E+00 0.000E+00 4.103E+01 2.052E+01 5.000E+01 4.000E+00 5.541E+34     
 1.238E+00 0.000E+00 4.249E+01 2.124E+01 5.000E+01 4.000E+00 5.541E+34     
 1.250E+00 0.000E+00 4.430E+01 2.215E+01 5.000E+01 4.000E+00 5.541E+34     
 1.272E+00 0.000E+00 5.822E+01 2.911E+01 5.000E+01 4.000E+00 5.541E+34     
 1.291E+00 0.000E+00 6.851E+01 3.426E+01 5.000E+01 4.000E+00 5.541E+34     
 1.311E+00 0.000E+00 8.231E+01 4.115E+01 5.000E+01 4.000E+00 5.541E+34     
 1.331E+00 0.000E+00 9.906E+01 4.953E+01 5.000E+01 4.000E+00 5.541E+34     
 1.351E+00 0.000E+00 1.187E+02 5.936E+01 5.000E+01 4.000E+00 5.541E+34     
 1.371E+00 0.000E+00 1.497E+02 7.483E+01 5.000E+01 4.000E+00 5.541E+34     
 1.391E+00 0.000E+00 1.910E+02 9.548E+01 5.000E+01 4.000E+00 5.541E+34     
 1.400E+00 0.000E+00 1.941E+02 9.704E+01 5.000E+01 4.000E+00 5.541E+34     
 1.415E+00 0.000E+00 2.254E+02 1.127E+02 5.000E+01 4.000E+00 5.541E+34     
 1.439E+00 0.000E+00 2.770E+02 1.385E+02 5.000E+01 4.000E+00 5.541E+34     
 1.459E+00 0.000E+00 3.175E+02 1.587E+02 5.000E+01 4.000E+00 5.541E+34     
 1.481E+00 0.000E+00 3.466E+02 1.733E+02 5.000E+01 4.000E+00 5.541E+34     
 1.505E+00 0.000E+00 3.639E+02 1.820E+02 5.000E+01 4.000E+00 5.541E+34     
 1.530E+00 0.000E+00 3.795E+02 1.897E+02 5.000E+01 4.000E+00 5.541E+34     
 1.555E+00 0.000E+00 3.903E+02 1.951E+02 5.000E+01 4.000E+00 5.541E+34     
 1.580E+00 0.000E+00 4.092E+02 2.046E+02 5.000E+01 4.000E+00 5.541E+34     
 1.600E+00 0.000E+00 4.258E+02 2.129E+02 5.000E+01 4.000E+00 5.541E+34     
 1.605E+00 0.000E+00 4.247E+02 2.123E+02 5.000E+01 4.000E+00 5.541E+34     
 1.634E+00 0.000E+00 4.296E+02 2.148E+02 5.000E+01 4.000E+00 5.541E+34     
 1.660E+00 0.000E+00 4.362E+02 2.181E+02 5.000E+01 4.000E+00 5.541E+34     
 1.686E+00 0.000E+00 4.481E+02 2.240E+02 5.000E+01 4.000E+00 5.541E+34     
 1.716E+00 0.000E+00 4.688E+02 2.344E+02 5.000E+01 4.000E+00 5.541E+34     
 1.745E+00 0.000E+00 4.816E+02 2.408E+02 5.000E+01 4.000E+00 5.541E+34     
 1.776E+00 0.000E+00 4.920E+02 2.460E+02 5.000E+01 4.000E+00 5.541E+34     
 1.800E+00 0.000E+00 4.889E+02 2.445E+02 5.000E+01 4.000E+00 5.541E+34     
 1.806E+00 0.000E+00 5.024E+02 2.512E+02 5.000E+01 4.000E+00 5.541E+34     
 1.840E+00 0.000E+00 5.186E+02 2.593E+02 5.000E+01 4.000E+00 5.541E+34     
 1.873E+00 0.000E+00 5.196E+02 2.598E+02 5.000E+01 4.000E+00 5.541E+34     
 1.906E+00 0.000E+00 5.394E+02 2.697E+02 5.000E+01 4.000E+00 5.541E+34     
 1.940E+00 0.000E+00 5.393E+02 2.696E+02 5.000E+01 4.000E+00 5.541E+34     
 1.975E+00 0.000E+00 5.406E+02 2.703E+02 5.000E+01 4.000E+00 5.541E+34     
 2.000E+00 0.000E+00 5.379E+02 2.689E+02 5.000E+01 4.000E+00 5.541E+34     
 2.200E+00 0.000E+00 5.496E+02 2.748E+02 5.000E+01 4.000E+00 5.541E+34     
 2.451E+00 0.000E+00 5.462E+02 2.731E+02 5.000E+01 4.000E+00 5.541E+34     
 2.769E+00 0.000E+00 5.399E+02 2.700E+02 5.000E+01 4.000E+00 5.541E+34     
 2.800E+00 0.000E+00 5.394E+02 2.697E+02 5.000E+01 4.000E+00 5.541E+34     
 3.000E+00 0.000E+00 5.262E+02 2.631E+02 5.000E+01 4.000E+00 5.541E+34     
 3.625E+00 0.000E+00 5.501E+02 2.750E+02 5.000E+01 4.000E+00 5.541E+34     
 4.056E+00 0.000E+00 5.581E+02 2.791E+02 5.000E+01 4.000E+00 5.541E+34     
 4.500E+00 0.000E+00 5.627E+02 2.813E+02 5.000E+01 4.000E+00 5.541E+34     
 4.700E+00 0.000E+00 5.606E+02 2.803E+02 5.000E+01 4.000E+00 5.541E+34     
 5.000E+00 0.000E+00 5.490E+02 2.745E+02 5.000E+01 4.000E+00 5.541E+34     

# Channel          : fission.tot    
# Frms limit       : 1.000E+30
# Chi2 limit       : 1.000E+30
# Fracmax          : 2.000E-02
# xs (mb) limit    : 1.000E-01

# Data set         :   1   fission.tot    
# Author           : endfb8.1            
# Year             :    0
# EXFOR subentry   :          
# Weight           :      1.00000
# Quality          :   
# energy     TALYS      exp       dexp  rel. unc. %   Chi2      C/E   include
 1.000E+00 0.000E+00 1.460E+01 7.298E+00 5.000E+01 4.000E+00 5.541E+34     
 1.005E+00 0.000E+00 1.754E+01 8.771E+00 5.000E+01 4.000E+00 5.541E+34     
 1.008E+00 0.000E+00 1.742E+01 8.711E+00 5.000E+01 4.000E+00 5.541E+34     
 1.020E+00 0.000E+00 1.632E+01 8.160E+00 5.000E+01 4.000E+00 5.541E+34     
 1.035E+00 0.000E+00 1.755E+01 8.773E+00 5.000E+01 4.000E+00 5.541E+34     
 1.049E+00 0.000E+00 2.086E+01 1.043E+01 5.000E+01 4.000E+00 5.541E+34     
 1.064E+00 0.000E+00 2.303E+01 1.151E+01 5.000E+01 4.000E+00 5.541E+34     
 1.080E+00 0.000E+00 2.678E+01 1.339E+01 5.000E+01 4.000E+00 5.541E+34     
 1.091E+00 0.000E+00 2.941E+01 1.471E+01 5.000E+01 4.000E+00 5.541E+34     
 1.100E+00 0.000E+00 3.103E+01 1.551E+01 5.000E+01 4.000E+00 5.541E+34     
 1.121E+00 0.000E+00 3.579E+01 1.790E+01 5.000E+01 4.000E+00 5.541E+34     
 1.138E+00 0.000E+00 3.605E+01 1.802E+01 5.000E+01 4.000E+00 5.541E+34     
 1.154E+00 0.000E+00 4.180E+01 2.090E+01 5.000E+01 4.000E+00 5.541E+34     
 1.169E+00 0.000E+00 4.381E+01 2.190E+01 5.000E+01 4.000E+00 5.541E+34     
 1.200E+00 0.000E+00 4.285E+01 2.142E+01 5.000E+01 4.000E+00 5.541E+34     
 1.220E+00 0.000E+00 4.103E+01 2.052E+01 5.000E+01 4.000E+00 5.541E+34     
 1.238E+00 0.000E+00 4.249E+01 2.124E+01 5.000E+01 4.000E+00 5.541E+34     
 1.250E+00 0.000E+00 4.430E+01 2.215E+01 5.000E+01 4.000E+00 5.541E+34     
 1.272E+00 0.000E+00 5.822E+01 2.911E+01 5.000E+01 4.000E+00 5.541E+34     
 1.291E+00 0.000E+00 6.851E+01 3.426E+01 5.000E+01 4.000E+00 5.541E+34     
 1.311E+00 0.000E+00 8.231E+01 4.115E+01 5.000E+01 4.000E+00 5.541E+34     
 1.331E+00 0.000E+00 9.906E+01 4.953E+01 5.000E+01 4.000E+00 5.541E+34     
 1.351E+00 0.000E+00 1.187E+02 5.936E+01 5.000E+01 4.000E+00 5.541E+34     
 1.371E+00 0.000E+00 1.497E+02 7.483E+01 5.000E+01 4.000E+00 5.541E+34     
 1.391E+00 0.000E+00 1.910E+02 9.548E+01 5.000E+01 4.000E+00 5.541E+34     
 1.400E+00 0.000E+00 1.941E+02 9.704E+01 5.000E+01 4.000E+00 5.541E+34     
 1.415E+00 0.000E+00 2.254E+02 1.127E+02 5.000E+01 4.000E+00 5.541E+34     
 1.439E+00 0.000E+00 2.770E+02 1.385E+02 5.000E+01 4.000E+00 5.541E+34     
 1.459E+00 0.000E+00 3.175E+02 1.587E+02 5.000E+01 4.000E+00 5.541E+34     
 1.481E+00 0.000E+00 3.466E+02 1.733E+02 5.000E+01 4.000E+00 5.541E+34     
 1.505E+00 0.000E+00 3.639E+02 1.820E+02 5.000E+01 4.000E+00 5.541E+34     
 1.530E+00 0.000E+00 3.795E+02 1.897E+02 5.000E+01 4.000E+00 5.541E+34     
 1.555E+00 0.000E+00 3.903E+02 1.951E+02 5.000E+01 4.000E+00 5.541E+34     
 1.580E+00 0.000E+00 4.092E+02 2.046E+02 5.000E+01 4.000E+00 5.541E+34     
 1.600E+00 0.000E+00 4.258E+02 2.129E+02 5.000E+01 4.000E+00 5.541E+34     
 1.605E+00 0.000E+00 4.247E+02 2.123E+02 5.000E+01 4.000E+00 5.541E+34     
 1.634E+00 0.000E+00 4.296E+02 2.148E+02 5.000E+01 4.000E+00 5.541E+34     
 1.660E+00 0.000E+00 4.362E+02 2.181E+02 5.000E+01 4.000E+00 5.541E+34     
 1.686E+00 0.000E+00 4.481E+02 2.240E+02 5.000E+01 4.000E+00 5.541E+34     
 1.716E+00 0.000E+00 4.688E+02 2.344E+02 5.000E+01 4.000E+00 5.541E+34     
 1.745E+00 0.000E+00 4.816E+02 2.408E+02 5.000E+01 4.000E+00 5.541E+34     
 1.776E+00 0.000E+00 4.920E+02 2.460E+02 5.000E+01 4.000E+00 5.541E+34     
 1.800E+00 0.000E+00 4.889E+02 2.445E+02 5.000E+01 4.000E+00 5.541E+34     
 1.806E+00 0.000E+00 5.024E+02 2.512E+02 5.000E+01 4.000E+00 5.541E+34     
 1.840E+00 0.000E+00 5.186E+02 2.593E+02 5.000E+01 4.000E+00 5.541E+34     
 1.873E+00 0.000E+00 5.196E+02 2.598E+02 5.000E+01 4.000E+00 5.541E+34     
 1.906E+00 0.000E+00 5.394E+02 2.697E+02 5.000E+01 4.000E+00 5.541E+34     
 1.940E+00 0.000E+00 5.393E+02 2.696E+02 5.000E+01 4.000E+00 5.541E+34     
 1.975E+00 0.000E+00 5.406E+02 2.703E+02 5.000E+01 4.000E+00 5.541E+34     
 2.000E+00 0.000E+00 5.379E+02 2.689E+02 5.000E+01 4.000E+00 5.541E+34     
 2.200E+00 0.000E+00 5.496E+02 2.748E+02 5.000E+01 4.000E+00 5.541E+34     
 2.451E+00 0.000E+00 5.462E+02 2.731E+02 5.000E+01 4.000E+00 5.541E+34     
 2.769E+00 0.000E+00 5.399E+02 2.700E+02 5.000E+01 4.000E+00 5.541E+34     
 2.800E+00 0.000E+00 5.394E+02 2.697E+02 5.000E+01 4.000E+00 5.541E+34     
 3.000E+00 0.000E+00 5.262E+02 2.631E+02 5.000E+01 4.000E+00 5.541E+34     
 3.625E+00 0.000E+00 5.501E+02 2.750E+02 5.000E+01 4.000E+00 5.541E+34     
 4.056E+00 0.000E+00 5.581E+02 2.791E+02 5.000E+01 4.000E+00 5.541E+34     
 4.500E+00 0.000E+00 5.627E+02 2.813E+02 5.000E+01 4.000E+00 5.541E+34     
 4.700E+00 0.000E+00 5.606E+02 2.803E+02 5.000E+01 4.000E+00 5.541E+34     
 5.000E+00 0.000E+00 5.490E+02 2.745E+02 5.000E+01 4.000E+00 5.541E+34     

# Channel          : fission.tot    
# Frms limit       : 1.000E+30
# Chi2 limit       : 1.000E+30
# Fracmax          : 2.000E-02
# xs (mb) limit    : 1.000E-01

# Data set         :   1   fission.tot    
# Author           : endfb8.1            
# Year             :    0
# EXFOR subentry   :          
# Weight           :      1.00000
# Quality          :   
# energy     TALYS      exp       dexp  rel. unc. %   Chi2      C/E   include
 1.000E+00 0.000E+00 1.460E+01 7.298E+00 5.000E+01 4.000E+00 5.541E+34     
 1.005E+00 0.000E+00 1.754E+01 8.771E+00 5.000E+01 4.000E+00 5.541E+34     
 1.008E+00 0.000E+00 1.742E+01 8.711E+00 5.000E+01 4.000E+00 5.541E+34     
 1.020E+00 0.000E+00 1.632E+01 8.160E+00 5.000E+01 4.000E+00 5.541E+34     
 1.035E+00 0.000E+00 1.755E+01 8.773E+00 5.000E+01 4.000E+00 5.541E+34     
 1.049E+00 0.000E+00 2.086E+01 1.043E+01 5.000E+01 4.000E+00 5.541E+34     
 1.064E+00 0.000E+00 2.303E+01 1.151E+01 5.000E+01 4.000E+00 5.541E+34     
 1.080E+00 0.000E+00 2.678E+01 1.339E+01 5.000E+01 4.000E+00 5.541E+34     
 1.091E+00 0.000E+00 2.941E+01 1.471E+01 5.000E+01 4.000E+00 5.541E+34     
 1.100E+00 0.000E+00 3.103E+01 1.551E+01 5.000E+01 4.000E+00 5.541E+34     
 1.121E+00 0.000E+00 3.579E+01 1.790E+01 5.000E+01 4.000E+00 5.541E+34     
 1.138E+00 0.000E+00 3.605E+01 1.802E+01 5.000E+01 4.000E+00 5.541E+34     
 1.154E+00 0.000E+00 4.180E+01 2.090E+01 5.000E+01 4.000E+00 5.541E+34     
 1.169E+00 0.000E+00 4.381E+01 2.190E+01 5.000E+01 4.000E+00 5.541E+34     
 1.200E+00 0.000E+00 4.285E+01 2.142E+01 5.000E+01 4.000E+00 5.541E+34     
 1.220E+00 0.000E+00 4.103E+01 2.052E+01 5.000E+01 4.000E+00 5.541E+34     
 1.238E+00 0.000E+00 4.249E+01 2.124E+01 5.000E+01 4.000E+00 5.541E+34     
 1.250E+00 0.000E+00 4.430E+01 2.215E+01 5.000E+01 4.000E+00 5.541E+34     
 1.272E+00 0.000E+00 5.822E+01 2.911E+01 5.000E+01 4.000E+00 5.541E+34     
 1.291E+00 0.000E+00 6.851E+01 3.426E+01 5.000E+01 4.000E+00 5.541E+34     
 1.311E+00 0.000E+00 8.231E+01 4.115E+01 5.000E+01 4.000E+00 5.541E+34     
 1.331E+00 0.000E+00 9.906E+01 4.953E+01 5.000E+01 4.000E+00 5.541E+34     
 1.351E+00 0.000E+00 1.187E+02 5.936E+01 5.000E+01 4.000E+00 5.541E+34     
 1.371E+00 0.000E+00 1.497E+02 7.483E+01 5.000E+01 4.000E+00 5.541E+34     
 1.391E+00 0.000E+00 1.910E+02 9.548E+01 5.000E+01 4.000E+00 5.541E+34     
 1.400E+00 0.000E+00 1.941E+02 9.704E+01 5.000E+01 4.000E+00 5.541E+34     
 1.415E+00 0.000E+00 2.254E+02 1.127E+02 5.000E+01 4.000E+00 5.541E+34     
 1.439E+00 0.000E+00 2.770E+02 1.385E+02 5.000E+01 4.000E+00 5.541E+34     
 1.459E+00 0.000E+00 3.175E+02 1.587E+02 5.000E+01 4.000E+00 5.541E+34     
 1.481E+00 0.000E+00 3.466E+02 1.733E+02 5.000E+01 4.000E+00 5.541E+34     
 1.505E+00 0.000E+00 3.639E+02 1.820E+02 5.000E+01 4.000E+00 5.541E+34     
 1.530E+00 0.000E+00 3.795E+02 1.897E+02 5.000E+01 4.000E+00 5.541E+34     
 1.555E+00 0.000E+00 3.903E+02 1.951E+02 5.000E+01 4.000E+00 5.541E+34     
 1.580E+00 0.000E+00 4.092E+02 2.046E+02 5.000E+01 4.000E+00 5.541E+34     
 1.600E+00 0.000E+00 4.258E+02 2.129E+02 5.000E+01 4.000E+00 5.541E+34     
 1.605E+00 0.000E+00 4.247E+02 2.123E+02 5.000E+01 4.000E+00 5.541E+34     
 1.634E+00 0.000E+00 4.296E+02 2.148E+02 5.000E+01 4.000E+00 5.541E+34     
 1.660E+00 0.000E+00 4.362E+02 2.181E+02 5.000E+01 4.000E+00 5.541E+34     
 1.686E+00 0.000E+00 4.481E+02 2.240E+02 5.000E+01 4.000E+00 5.541E+34     
 1.716E+00 0.000E+00 4.688E+02 2.344E+02 5.000E+01 4.000E+00 5.541E+34     
 1.745E+00 0.000E+00 4.816E+02 2.408E+02 5.000E+01 4.000E+00 5.541E+34     
 1.776E+00 0.000E+00 4.920E+02 2.460E+02 5.000E+01 4.000E+00 5.541E+34     
 1.800E+00 0.000E+00 4.889E+02 2.445E+02 5.000E+01 4.000E+00 5.541E+34     
 1.806E+00 0.000E+00 5.024E+02 2.512E+02 5.000E+01 4.000E+00 5.541E+34     
 1.840E+00 0.000E+00 5.186E+02 2.593E+02 5.000E+01 4.000E+00 5.541E+34     
 1.873E+00 0.000E+00 5.196E+02 2.598E+02 5.000E+01 4.000E+00 5.541E+34     
 1.906E+00 0.000E+00 5.394E+02 2.697E+02 5.000E+01 4.000E+00 5.541E+34     
 1.940E+00 0.000E+00 5.393E+02 2.696E+02 5.000E+01 4.000E+00 5.541E+34     
 1.975E+00 0.000E+00 5.406E+02 2.703E+02 5.000E+01 4.000E+00 5.541E+34     
 2.000E+00 0.000E+00 5.379E+02 2.689E+02 5.000E+01 4.000E+00 5.541E+34     
 2.200E+00 0.000E+00 5.496E+02 2.748E+02 5.000E+01 4.000E+00 5.541E+34     
 2.451E+00 0.000E+00 5.462E+02 2.731E+02 5.000E+01 4.000E+00 5.541E+34     
 2.769E+00 0.000E+00 5.399E+02 2.700E+02 5.000E+01 4.000E+00 5.541E+34     
 2.800E+00 0.000E+00 5.394E+02 2.697E+02 5.000E+01 4.000E+00 5.541E+34     
 3.000E+00 0.000E+00 5.262E+02 2.631E+02 5.000E+01 4.000E+00 5.541E+34     
 3.625E+00 0.000E+00 5.501E+02 2.750E+02 5.000E+01 4.000E+00 5.541E+34     
 4.056E+00 0.000E+00 5.581E+02 2.791E+02 5.000E+01 4.000E+00 5.541E+34     
 4.500E+00 0.000E+00 5.627E+02 2.813E+02 5.000E+01 4.000E+00 5.541E+34     
 4.700E+00 0.000E+00 5.606E+02 2.803E+02 5.000E+01 4.000E+00 5.541E+34     
 5.000E+00 0.000E+00 5.490E+02 2.745E+02 5.000E+01 4.000E+00 5.541E+34     
